source_kind,source_D,final_D,L0xx,final_date,final_suffix,source_rows
existing1711,L042072102,L042072101,L042,0721,1,"2|3"
existing1711,L042072103,L042072102,L042,0721,2,"4|5"
existing1711,L042072104,L042072103,L042,0721,3,"6|7"
new289,L042072631,L042072104,L042,0721,4,"3163|3164"
existing1711,L042072105,L042072105,L042,0721,5,"8|9"
existing1711,L042072106,L042072106,L042,0721,6,"10|11"
existing1711,L042072107,L042072107,L042,0721,7,"12|13"
new289,L042072632,L042072108,L042,0721,8,"3165|3166"
existing1711,L042072108,L042072109,L042,0721,9,"14|15"
existing1711,L042072109,L042072110,L042,0721,10,"16|17"
existing1711,L042072111,L042072111,L042,0721,11,"18|19"
existing1711,L042072113,L042072112,L042,0721,12,"20|21"
new289,L042072633,L042072113,L042,0721,13,"3167|3168"
existing1711,L042072114,L042072114,L042,0721,14,"22|23"
existing1711,L042072115,L042072115,L042,0721,15,"24|25"
existing1711,L042072116,L042072116,L042,0721,16,"26|27"
new289,L042072634,L042072117,L042,0721,17,"3169|3170"
existing1711,L042072117,L042072118,L042,0721,18,"28|29"
existing1711,L042072118,L042072119,L042,0721,19,"30|31"
existing1711,L042072119,L042072120,L042,0721,20,"32|33"
new289,L042072635,L042072121,L042,0721,21,"3171|3172"
existing1711,L042072120,L042072122,L042,0721,22,"34|35"
existing1711,L042072122,L042072123,L042,0721,23,"36|37"
existing1711,L042072123,L042072124,L042,0721,24,"38|39"
new289,L042072636,L042072125,L042,0721,25,"3173|3174"
existing1711,L042072124,L042072126,L042,0721,26,"40|41"
existing1711,L042072127,L042072127,L042,0721,27,"42|43"
existing1711,L042072128,L042072128,L042,0721,28,"44|45"
new289,L042072637,L042072129,L042,0721,29,"3175|3176"
existing1711,L042072130,L042072130,L042,0721,30,"46|47"
existing1711,L042072131,L042072131,L042,0721,31,"48|49"
existing1711,L042072132,L042072132,L042,0721,32,"50|51"
new289,L042072638,L042072133,L042,0721,33,"3177|3178"
existing1711,L042072133,L042072134,L042,0721,34,"52|53"
existing1711,L042072134,L042072135,L042,0721,35,"54|55"
existing1711,L042072135,L042072136,L042,0721,36,"56|57"
existing1711,L042072138,L042072137,L042,0721,37,"58|59"
new289,L042072639,L042072138,L042,0721,38,"3179|3180"
existing1711,L042072142,L042072139,L042,0721,39,"60|61"
existing1711,L042072143,L042072140,L042,0721,40,"62|63"
existing1711,L042072144,L042072141,L042,0721,41,"64|65"
new289,L042072640,L042072142,L042,0721,42,"3181|3182"
existing1711,L042072145,L042072143,L042,0721,43,"66|67"
existing1711,L042072147,L042072144,L042,0721,44,"68|69"
existing1711,L042072148,L042072145,L042,0721,45,"70|71"
new289,L042072641,L042072146,L042,0721,46,"3183|3184"
existing1711,L042072150,L042072147,L042,0721,47,"72|73"
existing1711,L042072151,L042072148,L042,0721,48,"74|75"
existing1711,L042072153,L042072149,L042,0721,49,"76|77"
new289,L042072642,L042072150,L042,0721,50,"3185|3186"
existing1711,L042072154,L042072151,L042,0721,51,"78|79"
existing1711,L042072155,L042072152,L042,0721,52,"80|81"
existing1711,L042072156,L042072153,L042,0721,53,"82|83"
new289,L042072643,L042072154,L042,0721,54,"3187|3188"
existing1711,L042072157,L042072155,L042,0721,55,"84|85"
existing1711,L042072158,L042072156,L042,0721,56,"86|87"
existing1711,L042072159,L042072157,L042,0721,57,"88|89"
new289,L042072644,L042072158,L042,0721,58,"3189|3190"
existing1711,L042072161,L042072159,L042,0721,59,"90|91"
existing1711,L042072162,L042072160,L042,0721,60,"92|93"
existing1711,L042072163,L042072161,L042,0721,61,"94|95"
existing1711,L042072164,L042072162,L042,0721,62,"96|97"
new289,L042072645,L042072163,L042,0721,63,"3191|3192"
existing1711,L042072165,L042072164,L042,0721,64,"98|99"
existing1711,L042072166,L042072165,L042,0721,65,"100|101"
existing1711,L042072167,L042072166,L042,0721,66,"102|103"
new289,L042072646,L042072167,L042,0721,67,"3193|3194"
existing1711,L042072168,L042072168,L042,0721,68,"104|105"
existing1711,L042072169,L042072169,L042,0721,69,"106|107"
existing1711,L042072170,L042072170,L042,0721,70,"108|109"
existing1711,L042072202,L042072201,L042,0722,1,"110|111"
existing1711,L042072203,L042072202,L042,0722,2,"112|113"
existing1711,L042072204,L042072203,L042,0722,3,"114|115"
new289,L042072647,L042072204,L042,0722,4,"3195|3196"
existing1711,L042072205,L042072205,L042,0722,5,"116|117"
existing1711,L042072207,L042072206,L042,0722,6,"118|119"
existing1711,L042072208,L042072207,L042,0722,7,"120|121"
new289,L042072648,L042072208,L042,0722,8,"3197|3198"
existing1711,L042072209,L042072209,L042,0722,9,"122|123"
existing1711,L042072211,L042072210,L042,0722,10,"124|125"
existing1711,L042072213,L042072211,L042,0722,11,"126|127"
existing1711,L042072214,L042072212,L042,0722,12,"128|129"
new289,L042072649,L042072213,L042,0722,13,"3199|3200"
existing1711,L042072216,L042072214,L042,0722,14,"130|131"
existing1711,L042072217,L042072215,L042,0722,15,"132|133"
existing1711,L042072219,L042072216,L042,0722,16,"134|135"
new289,L042072650,L042072217,L042,0722,17,"3201|3202"
existing1711,L042072222,L042072218,L042,0722,18,"136|137"
existing1711,L042072224,L042072219,L042,0722,19,"138|139"
existing1711,L042072227,L042072220,L042,0722,20,"140|141"
new289,L042072651,L042072221,L042,0722,21,"3203|3204"
existing1711,L042072228,L042072222,L042,0722,22,"142|143"
existing1711,L042072230,L042072223,L042,0722,23,"144|145"
existing1711,L042072231,L042072224,L042,0722,24,"146|147"
new289,L042072652,L042072225,L042,0722,25,"3205|3206"
existing1711,L042072232,L042072226,L042,0722,26,"148|149"
existing1711,L042072233,L042072227,L042,0722,27,"150|151"
existing1711,L042072234,L042072228,L042,0722,28,"152|153"
new289,L042072653,L042072229,L042,0722,29,"3207|3208"
existing1711,L042072235,L042072230,L042,0722,30,"154|155"
existing1711,L042072238,L042072231,L042,0722,31,"156|157"
existing1711,L042072242,L042072232,L042,0722,32,"158|159"
existing1711,L042072243,L042072233,L042,0722,33,"160|161"
new289,L042072654,L042072234,L042,0722,34,"3209|3210"
existing1711,L042072244,L042072235,L042,0722,35,"162|163"
existing1711,L042072245,L042072236,L042,0722,36,"164|165"
existing1711,L042072247,L042072237,L042,0722,37,"166|167"
new289,L042072655,L042072238,L042,0722,38,"3211|3212"
existing1711,L042072248,L042072239,L042,0722,39,"168|169"
existing1711,L042072250,L042072240,L042,0722,40,"170|171"
existing1711,L042072251,L042072241,L042,0722,41,"172|173"
new289,L042072656,L042072242,L042,0722,42,"3213|3214"
existing1711,L042072253,L042072243,L042,0722,43,"174|175"
existing1711,L042072254,L042072244,L042,0722,44,"176|177"
existing1711,L042072255,L042072245,L042,0722,45,"178|179"
new289,L042072657,L042072246,L042,0722,46,"3215|3216"
existing1711,L042072256,L042072247,L042,0722,47,"180|181"
existing1711,L042072257,L042072248,L042,0722,48,"182|183"
existing1711,L042072258,L042072249,L042,0722,49,"184|185"
new289,L042072658,L042072250,L042,0722,50,"3217|3218"
existing1711,L042072261,L042072251,L042,0722,51,"186|187"
existing1711,L042072262,L042072252,L042,0722,52,"188|189"
existing1711,L042072263,L042072253,L042,0722,53,"190|191"
new289,L042072659,L042072254,L042,0722,54,"3219|3220"
existing1711,L042072265,L042072255,L042,0722,55,"192|193"
existing1711,L042072268,L042072256,L042,0722,56,"194|195"
existing1711,L042072269,L042072257,L042,0722,57,"196|197"
existing1711,L042072270,L042072258,L042,0722,58,"198|199"
new289,L042072660,L042072259,L042,0722,59,"3221|3222"
existing1711,L042072271,L042072260,L042,0722,60,"200|201"
existing1711,L042072272,L042072261,L042,0722,61,"202|203"
existing1711,L042072273,L042072262,L042,0722,62,"204|205"
new289,L042072661,L042072263,L042,0722,63,"3223|3224"
existing1711,L042072274,L042072264,L042,0722,64,"206|207"
existing1711,L042072275,L042072265,L042,0722,65,"208|209"
existing1711,L042072276,L042072266,L042,0722,66,"210|211"
existing1711,L042072301,L042072301,L042,0723,1,"212|213"
existing1711,L042072302,L042072302,L042,0723,2,"214|215"
existing1711,L042072303,L042072303,L042,0723,3,"216|217"
new289,L042072662,L042072304,L042,0723,4,"3225|3226"
existing1711,L042072304,L042072305,L042,0723,5,"218|219"
existing1711,L042072305,L042072306,L042,0723,6,"220|221"
existing1711,L042072306,L042072307,L042,0723,7,"222|223"
new289,L042072663,L042072308,L042,0723,8,"3227|3228"
existing1711,L042072307,L042072309,L042,0723,9,"224|225"
existing1711,L042072308,L042072310,L042,0723,10,"226|227"
existing1711,L042072309,L042072311,L042,0723,11,"228|229"
new289,L042072664,L042072312,L042,0723,12,"3229|3230"
existing1711,L042072310,L042072313,L042,0723,13,"230|231"
existing1711,L042072311,L042072314,L042,0723,14,"232|233"
existing1711,L042072312,L042072315,L042,0723,15,"234|235"
new289,L042072665,L042072316,L042,0723,16,"3231|3232"
existing1711,L042072313,L042072317,L042,0723,17,"236|237"
existing1711,L042072314,L042072318,L042,0723,18,"238|239"
existing1711,L042072315,L042072319,L042,0723,19,"240|241"
new289,L042072666,L042072320,L042,0723,20,"3233|3234"
existing1711,L042072316,L042072321,L042,0723,21,"242|243"
existing1711,L042072317,L042072322,L042,0723,22,"244|245"
existing1711,L042072318,L042072323,L042,0723,23,"246|247"
new289,L042072667,L042072324,L042,0723,24,"3235|3236"
existing1711,L042072319,L042072325,L042,0723,25,"248|249"
existing1711,L042072320,L042072326,L042,0723,26,"250|251"
existing1711,L042072321,L042072327,L042,0723,27,"252|253"
new289,L042072668,L042072328,L042,0723,28,"3237|3238"
existing1711,L042072322,L042072329,L042,0723,29,"254|255"
existing1711,L042072323,L042072330,L042,0723,30,"256|257"
existing1711,L042072324,L042072331,L042,0723,31,"258|259"
existing1711,L042072325,L042072332,L042,0723,32,"260|261"
new289,L042072669,L042072333,L042,0723,33,"3239|3240"
existing1711,L042072326,L042072334,L042,0723,34,"262|263"
existing1711,L042072327,L042072335,L042,0723,35,"264|265"
existing1711,L042072328,L042072336,L042,0723,36,"266|267"
new289,L042072670,L042072337,L042,0723,37,"3241|3242"
existing1711,L042072329,L042072338,L042,0723,38,"268|269"
existing1711,L042072330,L042072339,L042,0723,39,"270|271"
existing1711,L042072331,L042072340,L042,0723,40,"272|273"
new289,L042072671,L042072341,L042,0723,41,"3243|3244"
existing1711,L042072332,L042072342,L042,0723,42,"274|275"
existing1711,L042072333,L042072343,L042,0723,43,"276|277"
existing1711,L042072334,L042072344,L042,0723,44,"278|279"
new289,L042072672,L042072345,L042,0723,45,"3245|3246"
existing1711,L042072335,L042072346,L042,0723,46,"280|281"
existing1711,L042072336,L042072347,L042,0723,47,"282|283"
existing1711,L042072337,L042072348,L042,0723,48,"284|285"
new289,L042072673,L042072349,L042,0723,49,"3247|3248"
existing1711,L042072338,L042072350,L042,0723,50,"286|287"
existing1711,L042072339,L042072351,L042,0723,51,"288|289"
existing1711,L042072340,L042072352,L042,0723,52,"290|291"
new289,L042072674,L042072353,L042,0723,53,"3249|3250"
existing1711,L042072341,L042072354,L042,0723,54,"292|293"
existing1711,L042072342,L042072355,L042,0723,55,"294|295"
existing1711,L042072343,L042072356,L042,0723,56,"296|297"
new289,L042072675,L042072357,L042,0723,57,"3251|3252"
existing1711,L042072344,L042072358,L042,0723,58,"298|299"
existing1711,L042072345,L042072359,L042,0723,59,"300|301"
existing1711,L042072346,L042072360,L042,0723,60,"302|303"
existing1711,L042072401,L042072401,L042,0724,1,"304|305"
existing1711,L042072402,L042072402,L042,0724,2,"306|307"
existing1711,L042072403,L042072403,L042,0724,3,"308|309"
new289,L042072676,L042072404,L042,0724,4,"3253|3254"
existing1711,L042072404,L042072405,L042,0724,5,"310|311"
existing1711,L042072405,L042072406,L042,0724,6,"312|313"
existing1711,L042072406,L042072407,L042,0724,7,"314|315"
new289,L042072677,L042072408,L042,0724,8,"3255|3256"
existing1711,L042072407,L042072409,L042,0724,9,"316|317"
existing1711,L042072408,L042072410,L042,0724,10,"318|319"
existing1711,L042072409,L042072411,L042,0724,11,"320|321"
existing1711,L042072411,L042072412,L042,0724,12,"322|323"
new289,L042072678,L042072413,L042,0724,13,"3257|3258"
existing1711,L042072412,L042072414,L042,0724,14,"324|325"
existing1711,L042072413,L042072415,L042,0724,15,"326|327"
existing1711,L042072414,L042072416,L042,0724,16,"328|329"
new289,L042072679,L042072417,L042,0724,17,"3259|3260"
existing1711,L042072415,L042072418,L042,0724,18,"330|331"
existing1711,L042072416,L042072419,L042,0724,19,"332|333"
existing1711,L042072417,L042072420,L042,0724,20,"334|335"
new289,L042072680,L042072421,L042,0724,21,"3261|3262"
existing1711,L042072418,L042072422,L042,0724,22,"336|337"
existing1711,L042072419,L042072423,L042,0724,23,"338|339"
existing1711,L042072420,L042072424,L042,0724,24,"340|341"
new289,L042072681,L042072425,L042,0724,25,"3263|3264"
existing1711,L042072422,L042072426,L042,0724,26,"342|343"
existing1711,L042072423,L042072427,L042,0724,27,"344|345"
existing1711,L042072424,L042072428,L042,0724,28,"346|347"
new289,L042072682,L042072429,L042,0724,29,"3265|3266"
existing1711,L042072425,L042072430,L042,0724,30,"348|349"
existing1711,L042072427,L042072431,L042,0724,31,"350|351"
existing1711,L042072428,L042072432,L042,0724,32,"352|353"
new289,L042072683,L042072433,L042,0724,33,"3267|3268"
existing1711,L042072429,L042072434,L042,0724,34,"354|355"
existing1711,L042072430,L042072435,L042,0724,35,"356|357"
existing1711,L042072431,L042072436,L042,0724,36,"358|359"
existing1711,L042072432,L042072437,L042,0724,37,"360|361"
new289,L042072684,L042072438,L042,0724,38,"3269|3270"
existing1711,L042072433,L042072439,L042,0724,39,"362|363"
existing1711,L042072434,L042072440,L042,0724,40,"364|365"
existing1711,L042072435,L042072441,L042,0724,41,"366|367"
new289,L042072685,L042072442,L042,0724,42,"3271|3272"
existing1711,L042072437,L042072443,L042,0724,43,"368|369"
existing1711,L042072438,L042072444,L042,0724,44,"370|371"
existing1711,L042072440,L042072445,L042,0724,45,"372|373"
new289,L042072686,L042072446,L042,0724,46,"3273|3274"
existing1711,L042072442,L042072447,L042,0724,47,"374|375"
existing1711,L042072443,L042072448,L042,0724,48,"376|377"
existing1711,L042072444,L042072449,L042,0724,49,"378|379"
new289,L042072687,L042072450,L042,0724,50,"3275|3276"
existing1711,L042072445,L042072451,L042,0724,51,"380|381"
existing1711,L042072447,L042072452,L042,0724,52,"382|383"
existing1711,L042072448,L042072453,L042,0724,53,"384|385"
new289,L042072688,L042072454,L042,0724,54,"3277|3278"
existing1711,L042072449,L042072455,L042,0724,55,"386|387"
existing1711,L042072450,L042072456,L042,0724,56,"388|389"
existing1711,L042072451,L042072457,L042,0724,57,"390|391"
new289,L042072689,L042072458,L042,0724,58,"3279|3280"
existing1711,L042072452,L042072459,L042,0724,59,"392|393"
existing1711,L042072453,L042072460,L042,0724,60,"394|395"
existing1711,L042072454,L042072461,L042,0724,61,"396|397"
existing1711,L042072455,L042072462,L042,0724,62,"398|399"
new289,L042072690,L042072463,L042,0724,63,"3281|3282"
existing1711,L042072456,L042072464,L042,0724,64,"400|401"
existing1711,L042072457,L042072465,L042,0724,65,"402|403"
existing1711,L042072458,L042072466,L042,0724,66,"404|405"
new289,L042072691,L042072467,L042,0724,67,"3283|3284"
existing1711,L042072459,L042072468,L042,0724,68,"406|407"
existing1711,L042072460,L042072469,L042,0724,69,"408|409"
existing1711,L042072461,L042072470,L042,0724,70,"410|411"
existing1711,L042072601,L042072601,L042,0726,1,"2902|2903"
existing1711,L042072602,L042072602,L042,0726,2,"2904|2905"
existing1711,L042072603,L042072603,L042,0726,3,"2906|2907"
existing1711,L042072604,L042072604,L042,0726,4,"2908|2909"
existing1711,L042072605,L042072605,L042,0726,5,"2910|2911"
existing1711,L042072606,L042072606,L042,0726,6,"2912|2913"
existing1711,L042072607,L042072607,L042,0726,7,"2914|2915"
existing1711,L042072608,L042072608,L042,0726,8,"2916|2917"
existing1711,L042072609,L042072609,L042,0726,9,"2918|2919"
existing1711,L042072610,L042072610,L042,0726,10,"2920|2921"
existing1711,L042072611,L042072611,L042,0726,11,"2922|2923"
existing1711,L042072612,L042072612,L042,0726,12,"2924|2925"
existing1711,L042072613,L042072613,L042,0726,13,"2926|2927"
existing1711,L042072614,L042072614,L042,0726,14,"2928|2929"
existing1711,L042072615,L042072615,L042,0726,15,"2930|2931"
existing1711,L042072616,L042072616,L042,0726,16,"2932|2933"
existing1711,L042072617,L042072617,L042,0726,17,"2934|2935"
existing1711,L042072618,L042072618,L042,0726,18,"2936|2937"
existing1711,L042072619,L042072619,L042,0726,19,"2938|2939"
existing1711,L042072620,L042072620,L042,0726,20,"2940|2941"
existing1711,L042072621,L042072621,L042,0726,21,"2942|2943"
existing1711,L042072622,L042072622,L042,0726,22,"2944|2945"
existing1711,L042072623,L042072623,L042,0726,23,"2946|2947"
existing1711,L042072624,L042072624,L042,0726,24,"2948|2949"
existing1711,L042072625,L042072625,L042,0726,25,"2950|2951"
existing1711,L042072626,L042072626,L042,0726,26,"2952|2953"
existing1711,L042072627,L042072627,L042,0726,27,"2954|2955"
existing1711,L042072628,L042072628,L042,0726,28,"2956|2957"
existing1711,L042072629,L042072629,L042,0726,29,"2958|2959"
existing1711,L042072630,L042072630,L042,0726,30,"2960|2961"
existing1711,L043072101,L043072101,L043,0721,1,"412|413|414|415|416|417"
existing1711,L043072102,L043072102,L043,0721,2,"418|419|420|421|422|423"
existing1711,L043072103,L043072103,L043,0721,3,"424|425|426|427|428|429"
existing1711,L043072104,L043072104,L043,0721,4,"430|431|432|433|434|435"
new289,L043072608,L043072105,L043,0721,5,"3285|3286|3287|3288|3289|3290"
existing1711,L043072105,L043072106,L043,0721,6,"436|437|438|439|440|441"
existing1711,L043072106,L043072107,L043,0721,7,"442|443|444|445|446|447"
existing1711,L043072107,L043072108,L043,0721,8,"448|449|450|451|452|453"
new289,L043072609,L043072109,L043,0721,9,"3291|3292|3293|3294|3295|3296"
existing1711,L043072108,L043072110,L043,0721,10,"454|455|456|457|458|459"
existing1711,L043072109,L043072111,L043,0721,11,"460|461|462|463|464|465"
existing1711,L043072110,L043072112,L043,0721,12,"466|467|468|469|470|471"
existing1711,L043072111,L043072113,L043,0721,13,"472|473|474|475|476|477"
new289,L043072610,L043072114,L043,0721,14,"3297|3298|3299|3300|3301|3302"
existing1711,L043072112,L043072115,L043,0721,15,"478|479|480|481|482|483"
existing1711,L043072113,L043072116,L043,0721,16,"484|485|486|487|488|489"
existing1711,L043072114,L043072117,L043,0721,17,"490|491|492|493|494|495"
new289,L043072611,L043072118,L043,0721,18,"3303|3304|3305|3306|3307|3308"
existing1711,L043072115,L043072119,L043,0721,19,"496|497|498|499|500|501"
existing1711,L043072116,L043072120,L043,0721,20,"502|503|504|505|506|507"
existing1711,L043072117,L043072121,L043,0721,21,"508|509|510|511|512|513"
existing1711,L043072118,L043072122,L043,0721,22,"514|515|516|517|518|519"
existing1711,L043072201,L043072201,L043,0722,1,"520|521|522|523|524|525"
existing1711,L043072202,L043072202,L043,0722,2,"526|527|528|529|530|531"
existing1711,L043072203,L043072203,L043,0722,3,"532|533|534|535|536|537"
existing1711,L043072204,L043072204,L043,0722,4,"538|539|540|541|542|543"
new289,L043072612,L043072205,L043,0722,5,"3309|3310|3311|3312|3313|3314"
existing1711,L043072205,L043072206,L043,0722,6,"544|545|546|547|548|549"
existing1711,L043072206,L043072207,L043,0722,7,"550|551|552|553|554|555"
existing1711,L043072207,L043072208,L043,0722,8,"556|557|558|559|560|561"
new289,L043072613,L043072209,L043,0722,9,"3315|3316|3317|3318|3319|3320"
existing1711,L043072208,L043072210,L043,0722,10,"562|563|564|565|566|567"
existing1711,L043072209,L043072211,L043,0722,11,"568|569|570|571|572|573"
existing1711,L043072210,L043072212,L043,0722,12,"574|575|576|577|578|579"
existing1711,L043072211,L043072213,L043,0722,13,"580|581|582|583|584|585"
new289,L043072614,L043072214,L043,0722,14,"3321|3322|3323|3324|3325|3326"
existing1711,L043072212,L043072215,L043,0722,15,"586|587|588|589|590|591"
existing1711,L043072213,L043072216,L043,0722,16,"592|593|594|595|596|597"
existing1711,L043072214,L043072217,L043,0722,17,"598|599|600|601|602|603"
new289,L043072615,L043072218,L043,0722,18,"3327|3328|3329|3330|3331|3332"
existing1711,L043072215,L043072219,L043,0722,19,"604|605|606|607|608|609"
existing1711,L043072216,L043072220,L043,0722,20,"610|611|612|613|614|615"
existing1711,L043072217,L043072221,L043,0722,21,"616|617|618|619|620|621"
existing1711,L043072218,L043072222,L043,0722,22,"622|623|624|625|626|627"
existing1711,L043072301,L043072301,L043,0723,1,"628|629|630|631|632|633"
existing1711,L043072302,L043072302,L043,0723,2,"634|635|636|637|638|639"
existing1711,L043072303,L043072303,L043,0723,3,"640|641|642|643|644|645"
existing1711,L043072304,L043072304,L043,0723,4,"646|647|648|649|650|651"
existing1711,L043072305,L043072305,L043,0723,5,"652|653|654|655|656|657"
new289,L043072616,L043072306,L043,0723,6,"3333|3334|3335|3336|3337|3338"
existing1711,L043072306,L043072307,L043,0723,7,"658|659|660|661|662|663"
existing1711,L043072307,L043072308,L043,0723,8,"664|665|666|667|668|669"
existing1711,L043072308,L043072309,L043,0723,9,"670|671|672|673|674|675"
existing1711,L043072309,L043072310,L043,0723,10,"676|677|678|679|680|681"
new289,L043072617,L043072311,L043,0723,11,"3339|3340|3341|3342|3343|3344"
existing1711,L043072310,L043072312,L043,0723,12,"682|683|684|685|686|687"
existing1711,L043072311,L043072313,L043,0723,13,"688|689|690|691|692|693"
existing1711,L043072312,L043072314,L043,0723,14,"694|695|696|697|698|699"
existing1711,L043072313,L043072315,L043,0723,15,"700|701|702|703|704|705"
existing1711,L043072314,L043072316,L043,0723,16,"706|707|708|709|710|711"
new289,L043072618,L043072317,L043,0723,17,"3345|3346|3347|3348|3349|3350"
existing1711,L043072315,L043072318,L043,0723,18,"712|713|714|715|716|717"
existing1711,L043072316,L043072319,L043,0723,19,"718|719|720|721|722|723"
existing1711,L043072317,L043072320,L043,0723,20,"724|725|726|727|728|729"
existing1711,L043072318,L043072321,L043,0723,21,"730|731|732|733|734|735"
existing1711,L043072401,L043072401,L043,0724,1,"736|737|738|739|740|741"
existing1711,L043072402,L043072402,L043,0724,2,"742|743|744|745|746|747"
existing1711,L043072403,L043072403,L043,0724,3,"748|749|750|751|752|753"
existing1711,L043072404,L043072404,L043,0724,4,"754|755|756|757|758|759"
existing1711,L043072405,L043072405,L043,0724,5,"760|761|762|763|764|765"
new289,L043072619,L043072406,L043,0724,6,"3351|3352|3353|3354|3355|3356"
existing1711,L043072406,L043072407,L043,0724,7,"766|767|768|769|770|771"
existing1711,L043072407,L043072408,L043,0724,8,"772|773|774|775|776|777"
existing1711,L043072408,L043072409,L043,0724,9,"778|779|780|781|782|783"
existing1711,L043072409,L043072410,L043,0724,10,"784|785|786|787|788|789"
new289,L043072620,L043072411,L043,0724,11,"3357|3358|3359|3360|3361|3362"
existing1711,L043072410,L043072412,L043,0724,12,"790|791|792|793|794|795"
existing1711,L043072411,L043072413,L043,0724,13,"796|797|798|799|800|801"
existing1711,L043072412,L043072414,L043,0724,14,"802|803|804|805|806|807"
existing1711,L043072413,L043072415,L043,0724,15,"808|809|810|811|812|813"
existing1711,L043072414,L043072416,L043,0724,16,"814|815|816|817|818|819"
new289,L043072621,L043072417,L043,0724,17,"3363|3364|3365|3366|3367|3368"
existing1711,L043072415,L043072418,L043,0724,18,"820|821|822|823|824|825"
existing1711,L043072416,L043072419,L043,0724,19,"826|827|828|829|830|831"
existing1711,L043072417,L043072420,L043,0724,20,"832|833|834|835|836|837"
existing1711,L043072418,L043072421,L043,0724,21,"838|839|840|841|842|843"
existing1711,L043072601,L043072601,L043,0726,1,"2962|2963|2964|2965|2966|2967"
existing1711,L043072602,L043072602,L043,0726,2,"2968|2969|2970|2971|2972|2973"
existing1711,L043072603,L043072603,L043,0726,3,"2974|2975|2976|2977|2978|2979"
existing1711,L043072604,L043072604,L043,0726,4,"2980|2981|2982|2983|2984|2985"
existing1711,L043072605,L043072605,L043,0726,5,"2986|2987|2988|2989|2990|2991"
existing1711,L043072606,L043072606,L043,0726,6,"2992|2993|2994|2995|2996|2997"
existing1711,L043072607,L043072607,L043,0726,7,"2998|2999|3000|3001|3002|3003"
existing1711,L047072101,L047072101,L047,0721,1,"844"
new289,L047072637,L047072102,L047,0721,2,"3369"
existing1711,L047072102,L047072103,L047,0721,3,"845"
new289,L047072638,L047072104,L047,0721,4,"3370"
existing1711,L047072103,L047072105,L047,0721,5,"846"
new289,L047072639,L047072106,L047,0721,6,"3371"
existing1711,L047072104,L047072107,L047,0721,7,"847"
new289,L047072640,L047072108,L047,0721,8,"3372"
existing1711,L047072105,L047072109,L047,0721,9,"848"
existing1711,L047072106,L047072110,L047,0721,10,"849"
new289,L047072641,L047072111,L047,0721,11,"3373"
existing1711,L047072107,L047072112,L047,0721,12,"850"
new289,L047072642,L047072113,L047,0721,13,"3374"
existing1711,L047072108,L047072114,L047,0721,14,"851"
new289,L047072643,L047072115,L047,0721,15,"3375"
existing1711,L047072109,L047072116,L047,0721,16,"852"
new289,L047072644,L047072117,L047,0721,17,"3376"
existing1711,L047072110,L047072118,L047,0721,18,"853"
new289,L047072645,L047072119,L047,0721,19,"3377"
existing1711,L047072111,L047072120,L047,0721,20,"854"
new289,L047072646,L047072121,L047,0721,21,"3378"
existing1711,L047072112,L047072122,L047,0721,22,"855"
new289,L047072647,L047072123,L047,0721,23,"3379"
existing1711,L047072113,L047072124,L047,0721,24,"856"
new289,L047072648,L047072125,L047,0721,25,"3380"
existing1711,L047072114,L047072126,L047,0721,26,"857"
existing1711,L047072115,L047072127,L047,0721,27,"858"
new289,L047072649,L047072128,L047,0721,28,"3381"
existing1711,L047072116,L047072129,L047,0721,29,"859"
new289,L047072650,L047072130,L047,0721,30,"3382"
existing1711,L047072117,L047072131,L047,0721,31,"860"
new289,L047072651,L047072132,L047,0721,32,"3383"
existing1711,L047072118,L047072133,L047,0721,33,"861"
new289,L047072652,L047072134,L047,0721,34,"3384"
existing1711,L047072119,L047072135,L047,0721,35,"862"
existing1711,L047072201,L047072201,L047,0722,1,"863"
new289,L047072653,L047072202,L047,0722,2,"3385"
existing1711,L047072202,L047072203,L047,0722,3,"864"
new289,L047072654,L047072204,L047,0722,4,"3386"
existing1711,L047072203,L047072205,L047,0722,5,"865"
new289,L047072655,L047072206,L047,0722,6,"3387"
existing1711,L047072204,L047072207,L047,0722,7,"866"
new289,L047072656,L047072208,L047,0722,8,"3388"
existing1711,L047072205,L047072209,L047,0722,9,"867"
existing1711,L047072206,L047072210,L047,0722,10,"868"
new289,L047072657,L047072211,L047,0722,11,"3389"
existing1711,L047072207,L047072212,L047,0722,12,"869"
new289,L047072658,L047072213,L047,0722,13,"3390"
existing1711,L047072208,L047072214,L047,0722,14,"870"
new289,L047072659,L047072215,L047,0722,15,"3391"
existing1711,L047072209,L047072216,L047,0722,16,"871"
new289,L047072660,L047072217,L047,0722,17,"3392"
existing1711,L047072210,L047072218,L047,0722,18,"872"
new289,L047072661,L047072219,L047,0722,19,"3393"
existing1711,L047072211,L047072220,L047,0722,20,"873"
new289,L047072662,L047072221,L047,0722,21,"3394"
existing1711,L047072212,L047072222,L047,0722,22,"874"
new289,L047072663,L047072223,L047,0722,23,"3395"
existing1711,L047072213,L047072224,L047,0722,24,"875"
new289,L047072664,L047072225,L047,0722,25,"3396"
existing1711,L047072214,L047072226,L047,0722,26,"876"
existing1711,L047072215,L047072227,L047,0722,27,"877"
new289,L047072665,L047072228,L047,0722,28,"3397"
existing1711,L047072216,L047072229,L047,0722,29,"878"
new289,L047072666,L047072230,L047,0722,30,"3398"
existing1711,L047072217,L047072231,L047,0722,31,"879"
new289,L047072667,L047072232,L047,0722,32,"3399"
existing1711,L047072218,L047072233,L047,0722,33,"880"
new289,L047072668,L047072234,L047,0722,34,"3400"
existing1711,L047072219,L047072235,L047,0722,35,"881"
existing1711,L047072301,L047072301,L047,0723,1,"882"
new289,L047072669,L047072302,L047,0723,2,"3401"
existing1711,L047072302,L047072303,L047,0723,3,"883"
new289,L047072670,L047072304,L047,0723,4,"3402"
existing1711,L047072303,L047072305,L047,0723,5,"884"
new289,L047072671,L047072306,L047,0723,6,"3403"
existing1711,L047072304,L047072307,L047,0723,7,"885"
new289,L047072672,L047072308,L047,0723,8,"3404"
existing1711,L047072305,L047072309,L047,0723,9,"886"
existing1711,L047072306,L047072310,L047,0723,10,"887"
new289,L047072673,L047072311,L047,0723,11,"3405"
existing1711,L047072307,L047072312,L047,0723,12,"888"
new289,L047072674,L047072313,L047,0723,13,"3406"
existing1711,L047072308,L047072314,L047,0723,14,"889"
new289,L047072675,L047072315,L047,0723,15,"3407"
existing1711,L047072309,L047072316,L047,0723,16,"890"
new289,L047072676,L047072317,L047,0723,17,"3408"
existing1711,L047072310,L047072318,L047,0723,18,"891"
new289,L047072677,L047072319,L047,0723,19,"3409"
existing1711,L047072311,L047072320,L047,0723,20,"892"
new289,L047072678,L047072321,L047,0723,21,"3410"
existing1711,L047072312,L047072322,L047,0723,22,"893"
new289,L047072679,L047072323,L047,0723,23,"3411"
existing1711,L047072313,L047072324,L047,0723,24,"894"
new289,L047072680,L047072325,L047,0723,25,"3412"
existing1711,L047072314,L047072326,L047,0723,26,"895"
existing1711,L047072315,L047072327,L047,0723,27,"896"
new289,L047072681,L047072328,L047,0723,28,"3413"
existing1711,L047072316,L047072329,L047,0723,29,"897"
new289,L047072682,L047072330,L047,0723,30,"3414"
existing1711,L047072317,L047072331,L047,0723,31,"898"
new289,L047072683,L047072332,L047,0723,32,"3415"
existing1711,L047072318,L047072333,L047,0723,33,"899"
new289,L047072684,L047072334,L047,0723,34,"3416"
existing1711,L047072319,L047072335,L047,0723,35,"900"
existing1711,L047072401,L047072401,L047,0724,1,"901"
new289,L047072685,L047072402,L047,0724,2,"3417"
existing1711,L047072402,L047072403,L047,0724,3,"902"
new289,L047072686,L047072404,L047,0724,4,"3418"
existing1711,L047072403,L047072405,L047,0724,5,"903"
existing1711,L047072404,L047072406,L047,0724,6,"904"
new289,L047072687,L047072407,L047,0724,7,"3419"
existing1711,L047072405,L047072408,L047,0724,8,"905"
new289,L047072688,L047072409,L047,0724,9,"3420"
existing1711,L047072406,L047072410,L047,0724,10,"906"
new289,L047072689,L047072411,L047,0724,11,"3421"
existing1711,L047072407,L047072412,L047,0724,12,"907"
new289,L047072690,L047072413,L047,0724,13,"3422"
existing1711,L047072408,L047072414,L047,0724,14,"908"
new289,L047072691,L047072415,L047,0724,15,"3423"
existing1711,L047072409,L047072416,L047,0724,16,"909"
existing1711,L047072410,L047072417,L047,0724,17,"910"
new289,L047072692,L047072418,L047,0724,18,"3424"
existing1711,L047072411,L047072419,L047,0724,19,"911"
new289,L047072693,L047072420,L047,0724,20,"3425"
existing1711,L047072412,L047072421,L047,0724,21,"912"
new289,L047072694,L047072422,L047,0724,22,"3426"
existing1711,L047072413,L047072423,L047,0724,23,"913"
new289,L047072695,L047072424,L047,0724,24,"3427"
existing1711,L047072414,L047072425,L047,0724,25,"914"
new289,L047072696,L047072426,L047,0724,26,"3428"
existing1711,L047072415,L047072427,L047,0724,27,"915"
new289,L047072697,L047072428,L047,0724,28,"3429"
existing1711,L047072416,L047072429,L047,0724,29,"916"
existing1711,L047072417,L047072430,L047,0724,30,"917"
new289,L047072698,L047072431,L047,0724,31,"3430"
existing1711,L047072418,L047072432,L047,0724,32,"918"
new289,L047072699,L047072433,L047,0724,33,"3431"
existing1711,L047072419,L047072434,L047,0724,34,"919"
existing1711,L047072601,L047072601,L047,0726,1,"3004"
existing1711,L047072602,L047072602,L047,0726,2,"3005"
existing1711,L047072603,L047072603,L047,0726,3,"3006"
existing1711,L047072604,L047072604,L047,0726,4,"3007"
existing1711,L047072605,L047072605,L047,0726,5,"3008"
existing1711,L047072606,L047072606,L047,0726,6,"3009"
existing1711,L047072607,L047072607,L047,0726,7,"3010"
existing1711,L047072608,L047072608,L047,0726,8,"3011"
existing1711,L047072609,L047072609,L047,0726,9,"3012"
existing1711,L047072610,L047072610,L047,0726,10,"3013"
existing1711,L047072611,L047072611,L047,0726,11,"3014"
existing1711,L047072612,L047072612,L047,0726,12,"3015"
existing1711,L047072613,L047072613,L047,0726,13,"3016"
existing1711,L047072614,L047072614,L047,0726,14,"3017"
existing1711,L047072615,L047072615,L047,0726,15,"3018"
existing1711,L047072616,L047072616,L047,0726,16,"3019"
existing1711,L047072617,L047072617,L047,0726,17,"3020"
existing1711,L047072618,L047072618,L047,0726,18,"3021"
existing1711,L047072619,L047072619,L047,0726,19,"3022"
existing1711,L047072620,L047072620,L047,0726,20,"3023"
existing1711,L047072621,L047072621,L047,0726,21,"3024"
existing1711,L047072622,L047072622,L047,0726,22,"3025"
existing1711,L047072623,L047072623,L047,0726,23,"3026"
existing1711,L047072624,L047072624,L047,0726,24,"3027"
existing1711,L047072625,L047072625,L047,0726,25,"3028"
existing1711,L047072626,L047072626,L047,0726,26,"3029"
existing1711,L047072627,L047072627,L047,0726,27,"3030"
existing1711,L047072628,L047072628,L047,0726,28,"3031"
existing1711,L047072629,L047072629,L047,0726,29,"3032"
existing1711,L047072630,L047072630,L047,0726,30,"3033"
existing1711,L047072631,L047072631,L047,0726,31,"3034"
existing1711,L047072632,L047072632,L047,0726,32,"3035"
existing1711,L047072633,L047072633,L047,0726,33,"3036"
existing1711,L047072634,L047072634,L047,0726,34,"3037"
existing1711,L047072635,L047072635,L047,0726,35,"3038"
existing1711,L047072636,L047072636,L047,0726,36,"3039"
existing1711,L048072101,L048072101,L048,0721,1,"920"
existing1711,L048072102,L048072102,L048,0721,2,"921"
existing1711,L048072103,L048072103,L048,0721,3,"922"
existing1711,L048072104,L048072104,L048,0721,4,"923"
new289,L048072602,L048072105,L048,0721,5,"3432"
existing1711,L048072105,L048072106,L048,0721,6,"924"
existing1711,L048072106,L048072107,L048,0721,7,"925"
existing1711,L048072107,L048072108,L048,0721,8,"926"
existing1711,L048072201,L048072201,L048,0722,1,"927"
existing1711,L048072202,L048072202,L048,0722,2,"928"
existing1711,L048072203,L048072203,L048,0722,3,"929"
existing1711,L048072204,L048072204,L048,0722,4,"930"
new289,L048072603,L048072205,L048,0722,5,"3433"
existing1711,L048072205,L048072206,L048,0722,6,"931"
existing1711,L048072206,L048072207,L048,0722,7,"932"
existing1711,L048072207,L048072208,L048,0722,8,"933"
existing1711,L048072301,L048072301,L048,0723,1,"934"
existing1711,L048072302,L048072302,L048,0723,2,"935"
existing1711,L048072303,L048072303,L048,0723,3,"936"
existing1711,L048072304,L048072304,L048,0723,4,"937"
new289,L048072604,L048072305,L048,0723,5,"3434"
existing1711,L048072305,L048072306,L048,0723,6,"938"
existing1711,L048072306,L048072307,L048,0723,7,"939"
existing1711,L048072307,L048072308,L048,0723,8,"940"
existing1711,L048072401,L048072401,L048,0724,1,"941"
existing1711,L048072402,L048072402,L048,0724,2,"942"
existing1711,L048072403,L048072403,L048,0724,3,"943"
existing1711,L048072404,L048072404,L048,0724,4,"944"
existing1711,L048072405,L048072405,L048,0724,5,"945"
existing1711,L048072406,L048072406,L048,0724,6,"946"
existing1711,L048072407,L048072407,L048,0724,7,"947"
existing1711,L048072601,L048072601,L048,0726,1,"3040"
existing1711,L058072101,L058072101,L058,0721,1,"948"
existing1711,L058072102,L058072102,L058,0721,2,"949"
existing1711,L058072103,L058072103,L058,0721,3,"950"
existing1711,L058072104,L058072104,L058,0721,4,"951"
existing1711,L058072105,L058072105,L058,0721,5,"952"
existing1711,L058072106,L058072106,L058,0721,6,"953"
existing1711,L058072107,L058072107,L058,0721,7,"954"
new289,L058072607,L058072108,L058,0721,8,"3435"
existing1711,L058072108,L058072109,L058,0721,9,"955"
existing1711,L058072109,L058072110,L058,0721,10,"956"
existing1711,L058072110,L058072111,L058,0721,11,"957"
existing1711,L058072111,L058072112,L058,0721,12,"958"
existing1711,L058072112,L058072113,L058,0721,13,"959"
existing1711,L058072114,L058072114,L058,0721,14,"960"
new289,L058072608,L058072115,L058,0721,15,"3436"
existing1711,L058072115,L058072116,L058,0721,16,"961"
existing1711,L058072116,L058072117,L058,0721,17,"962"
existing1711,L058072117,L058072118,L058,0721,18,"963"
existing1711,L058072118,L058072119,L058,0721,19,"964"
existing1711,L058072119,L058072120,L058,0721,20,"965"
existing1711,L058072120,L058072121,L058,0721,21,"966"
existing1711,L058072121,L058072122,L058,0721,22,"967"
new289,L058072609,L058072123,L058,0721,23,"3437"
existing1711,L058072124,L058072124,L058,0721,24,"968"
existing1711,L058072125,L058072125,L058,0721,25,"969"
existing1711,L058072126,L058072126,L058,0721,26,"970"
existing1711,L058072127,L058072127,L058,0721,27,"971"
existing1711,L058072128,L058072128,L058,0721,28,"972"
existing1711,L058072129,L058072129,L058,0721,29,"973"
existing1711,L058072201,L058072201,L058,0722,1,"974"
existing1711,L058072202,L058072202,L058,0722,2,"975"
existing1711,L058072203,L058072203,L058,0722,3,"976"
existing1711,L058072204,L058072204,L058,0722,4,"977"
existing1711,L058072205,L058072205,L058,0722,5,"978"
existing1711,L058072206,L058072206,L058,0722,6,"979"
new289,L058072610,L058072207,L058,0722,7,"3438"
existing1711,L058072207,L058072208,L058,0722,8,"980"
existing1711,L058072209,L058072209,L058,0722,9,"981"
existing1711,L058072210,L058072210,L058,0722,10,"982"
existing1711,L058072211,L058072211,L058,0722,11,"983"
existing1711,L058072212,L058072212,L058,0722,12,"984"
existing1711,L058072214,L058072213,L058,0722,13,"985"
existing1711,L058072215,L058072214,L058,0722,14,"986"
new289,L058072611,L058072215,L058,0722,15,"3439"
existing1711,L058072216,L058072216,L058,0722,16,"987"
existing1711,L058072217,L058072217,L058,0722,17,"988"
existing1711,L058072218,L058072218,L058,0722,18,"989"
existing1711,L058072219,L058072219,L058,0722,19,"990"
existing1711,L058072220,L058072220,L058,0722,20,"991"
existing1711,L058072221,L058072221,L058,0722,21,"992"
new289,L058072612,L058072222,L058,0722,22,"3440"
existing1711,L058072224,L058072223,L058,0722,23,"993"
existing1711,L058072225,L058072224,L058,0722,24,"994"
existing1711,L058072226,L058072225,L058,0722,25,"995"
existing1711,L058072227,L058072226,L058,0722,26,"996"
existing1711,L058072228,L058072227,L058,0722,27,"997"
existing1711,L058072229,L058072228,L058,0722,28,"998"
existing1711,L058072301,L058072301,L058,0723,1,"999"
existing1711,L058072302,L058072302,L058,0723,2,"1000"
existing1711,L058072303,L058072303,L058,0723,3,"1001"
existing1711,L058072304,L058072304,L058,0723,4,"1002"
existing1711,L058072305,L058072305,L058,0723,5,"1003"
existing1711,L058072306,L058072306,L058,0723,6,"1004"
new289,L058072613,L058072307,L058,0723,7,"3441"
existing1711,L058072307,L058072308,L058,0723,8,"1005"
existing1711,L058072308,L058072309,L058,0723,9,"1006"
existing1711,L058072309,L058072310,L058,0723,10,"1007"
existing1711,L058072310,L058072311,L058,0723,11,"1008"
existing1711,L058072311,L058072312,L058,0723,12,"1009"
existing1711,L058072312,L058072313,L058,0723,13,"1010"
new289,L058072614,L058072314,L058,0723,14,"3442"
existing1711,L058072313,L058072315,L058,0723,15,"1011"
existing1711,L058072314,L058072316,L058,0723,16,"1012"
existing1711,L058072315,L058072317,L058,0723,17,"1013"
existing1711,L058072316,L058072318,L058,0723,18,"1014"
existing1711,L058072317,L058072319,L058,0723,19,"1015"
new289,L058072615,L058072320,L058,0723,20,"3443"
existing1711,L058072318,L058072321,L058,0723,21,"1016"
existing1711,L058072319,L058072322,L058,0723,22,"1017"
existing1711,L058072320,L058072323,L058,0723,23,"1018"
existing1711,L058072321,L058072324,L058,0723,24,"1019"
existing1711,L058072322,L058072325,L058,0723,25,"1020"
existing1711,L058072323,L058072326,L058,0723,26,"1021"
existing1711,L058072401,L058072401,L058,0724,1,"1022"
existing1711,L058072402,L058072402,L058,0724,2,"1023"
existing1711,L058072403,L058072403,L058,0724,3,"1024"
existing1711,L058072404,L058072404,L058,0724,4,"1025"
existing1711,L058072405,L058072405,L058,0724,5,"1026"
existing1711,L058072406,L058072406,L058,0724,6,"1027"
existing1711,L058072407,L058072407,L058,0724,7,"1028"
new289,L058072616,L058072408,L058,0724,8,"3444"
existing1711,L058072408,L058072409,L058,0724,9,"1029"
existing1711,L058072409,L058072410,L058,0724,10,"1030"
existing1711,L058072410,L058072411,L058,0724,11,"1031"
existing1711,L058072411,L058072412,L058,0724,12,"1032"
existing1711,L058072412,L058072413,L058,0724,13,"1033"
existing1711,L058072414,L058072414,L058,0724,14,"1034"
new289,L058072617,L058072415,L058,0724,15,"3445"
existing1711,L058072415,L058072416,L058,0724,16,"1035"
existing1711,L058072416,L058072417,L058,0724,17,"1036"
existing1711,L058072417,L058072418,L058,0724,18,"1037"
existing1711,L058072418,L058072419,L058,0724,19,"1038"
existing1711,L058072419,L058072420,L058,0724,20,"1039"
existing1711,L058072420,L058072421,L058,0724,21,"1040"
existing1711,L058072421,L058072422,L058,0724,22,"1041"
new289,L058072618,L058072423,L058,0724,23,"3446"
existing1711,L058072424,L058072424,L058,0724,24,"1042"
existing1711,L058072425,L058072425,L058,0724,25,"1043"
existing1711,L058072426,L058072426,L058,0724,26,"1044"
existing1711,L058072427,L058072427,L058,0724,27,"1045"
existing1711,L058072428,L058072428,L058,0724,28,"1046"
existing1711,L058072429,L058072429,L058,0724,29,"1047"
existing1711,L058072601,L058072601,L058,0726,1,"3041"
existing1711,L058072602,L058072602,L058,0726,2,"3042"
existing1711,L058072603,L058072603,L058,0726,3,"3043"
existing1711,L058072604,L058072604,L058,0726,4,"3044"
existing1711,L058072605,L058072605,L058,0726,5,"3045"
existing1711,L058072606,L058072606,L058,0726,6,"3046"
existing1711,L063072101,L063072101,L063,0721,1,"1048|1049|1050"
existing1711,L063072102,L063072102,L063,0721,2,"1051|1052|1053"
new289,L063072613,L063072103,L063,0721,3,"3447|3448|3449"
existing1711,L063072103,L063072104,L063,0721,4,"1054|1055|1056"
existing1711,L063072104,L063072105,L063,0721,5,"1057|1058|1059"
new289,L063072614,L063072106,L063,0721,6,"3450|3451|3452"
existing1711,L063072105,L063072107,L063,0721,7,"1060|1061|1062"
existing1711,L063072106,L063072108,L063,0721,8,"1063|1064|1065"
new289,L063072615,L063072109,L063,0721,9,"3453|3454|3455"
existing1711,L063072107,L063072110,L063,0721,10,"1066|1067|1068"
existing1711,L063072108,L063072111,L063,0721,11,"1069|1070|1071"
existing1711,L063072109,L063072112,L063,0721,12,"1072|1073|1074"
new289,L063072616,L063072113,L063,0721,13,"3456|3457|3458"
existing1711,L063072110,L063072114,L063,0721,14,"1075|1076|1077"
existing1711,L063072111,L063072115,L063,0721,15,"1078|1079|1080"
new289,L063072617,L063072116,L063,0721,16,"3459|3460|3461"
existing1711,L063072112,L063072117,L063,0721,17,"1081|1082|1083"
existing1711,L063072113,L063072118,L063,0721,18,"1084|1085|1086"
new289,L063072618,L063072119,L063,0721,19,"3462|3463|3464"
existing1711,L063072114,L063072120,L063,0721,20,"1087|1088|1089"
existing1711,L063072115,L063072121,L063,0721,21,"1090|1091|1092"
existing1711,L063072201,L063072201,L063,0722,1,"1093|1094|1095"
existing1711,L063072202,L063072202,L063,0722,2,"1096|1097|1098"
new289,L063072619,L063072203,L063,0722,3,"3465|3466|3467"
existing1711,L063072203,L063072204,L063,0722,4,"1099|1100|1101"
existing1711,L063072204,L063072205,L063,0722,5,"1102|1103|1104"
new289,L063072620,L063072206,L063,0722,6,"3468|3469|3470"
existing1711,L063072205,L063072207,L063,0722,7,"1105|1106|1107"
existing1711,L063072206,L063072208,L063,0722,8,"1108|1109|1110"
new289,L063072621,L063072209,L063,0722,9,"3471|3472|3473"
existing1711,L063072207,L063072210,L063,0722,10,"1111|1112|1113"
existing1711,L063072208,L063072211,L063,0722,11,"1114|1115|1116"
existing1711,L063072209,L063072212,L063,0722,12,"1117|1118|1119"
new289,L063072622,L063072213,L063,0722,13,"3474|3475|3476"
existing1711,L063072210,L063072214,L063,0722,14,"1120|1121|1122"
existing1711,L063072211,L063072215,L063,0722,15,"1123|1124|1125"
new289,L063072623,L063072216,L063,0722,16,"3477|3478|3479"
existing1711,L063072212,L063072217,L063,0722,17,"1126|1127|1128"
existing1711,L063072213,L063072218,L063,0722,18,"1129|1130|1131"
new289,L063072624,L063072219,L063,0722,19,"3480|3481|3482"
existing1711,L063072214,L063072220,L063,0722,20,"1132|1133|1134"
existing1711,L063072215,L063072221,L063,0722,21,"1135|1136|1137"
existing1711,L063072301,L063072301,L063,0723,1,"1138|1139|1140"
existing1711,L063072302,L063072302,L063,0723,2,"1141|1142|1143"
new289,L063072625,L063072303,L063,0723,3,"3483|3484|3485"
existing1711,L063072303,L063072304,L063,0723,4,"1144|1145|1146"
existing1711,L063072304,L063072305,L063,0723,5,"1147|1148|1149"
new289,L063072626,L063072306,L063,0723,6,"3486|3487|3488"
existing1711,L063072305,L063072307,L063,0723,7,"1150|1151|1152"
existing1711,L063072306,L063072308,L063,0723,8,"1153|1154|1155"
new289,L063072627,L063072309,L063,0723,9,"3489|3490|3491"
existing1711,L063072307,L063072310,L063,0723,10,"1156|1157|1158"
existing1711,L063072308,L063072311,L063,0723,11,"1159|1160|1161"
existing1711,L063072309,L063072312,L063,0723,12,"1162|1163|1164"
new289,L063072628,L063072313,L063,0723,13,"3492|3493|3494"
existing1711,L063072310,L063072314,L063,0723,14,"1165|1166|1167"
existing1711,L063072311,L063072315,L063,0723,15,"1168|1169|1170"
new289,L063072629,L063072316,L063,0723,16,"3495|3496|3497"
existing1711,L063072312,L063072317,L063,0723,17,"1171|1172|1173"
existing1711,L063072313,L063072318,L063,0723,18,"1174|1175|1176"
new289,L063072630,L063072319,L063,0723,19,"3498|3499|3500"
existing1711,L063072314,L063072320,L063,0723,20,"1177|1178|1179"
existing1711,L063072315,L063072321,L063,0723,21,"1180|1181|1182"
existing1711,L063072401,L063072401,L063,0724,1,"1183|1184|1185"
existing1711,L063072402,L063072402,L063,0724,2,"1186|1187|1188"
new289,L063072631,L063072403,L063,0724,3,"3501|3502|3503"
existing1711,L063072403,L063072404,L063,0724,4,"1189|1190|1191"
existing1711,L063072404,L063072405,L063,0724,5,"1192|1193|1194"
new289,L063072632,L063072406,L063,0724,6,"3504|3505|3506"
existing1711,L063072405,L063072407,L063,0724,7,"1195|1196|1197"
existing1711,L063072406,L063072408,L063,0724,8,"1198|1199|1200"
new289,L063072633,L063072409,L063,0724,9,"3507|3508|3509"
existing1711,L063072407,L063072410,L063,0724,10,"1201|1202|1203"
existing1711,L063072408,L063072411,L063,0724,11,"1204|1205|1206"
existing1711,L063072409,L063072412,L063,0724,12,"1207|1208|1209"
new289,L063072634,L063072413,L063,0724,13,"3510|3511|3512"
existing1711,L063072410,L063072414,L063,0724,14,"1210|1211|1212"
existing1711,L063072411,L063072415,L063,0724,15,"1213|1214|1215"
new289,L063072635,L063072416,L063,0724,16,"3513|3514|3515"
existing1711,L063072412,L063072417,L063,0724,17,"1216|1217|1218"
existing1711,L063072413,L063072418,L063,0724,18,"1219|1220|1221"
new289,L063072636,L063072419,L063,0724,19,"3516|3517|3518"
existing1711,L063072414,L063072420,L063,0724,20,"1222|1223|1224"
existing1711,L063072415,L063072421,L063,0724,21,"1225|1226|1227"
existing1711,L063072601,L063072601,L063,0726,1,"3047|3048|3049"
existing1711,L063072602,L063072602,L063,0726,2,"3050|3051|3052"
existing1711,L063072603,L063072603,L063,0726,3,"3053|3054|3055"
existing1711,L063072604,L063072604,L063,0726,4,"3056|3057|3058"
existing1711,L063072605,L063072605,L063,0726,5,"3059|3060|3061"
existing1711,L063072606,L063072606,L063,0726,6,"3062|3063|3064"
existing1711,L063072607,L063072607,L063,0726,7,"3065|3066|3067"
existing1711,L063072608,L063072608,L063,0726,8,"3068|3069|3070"
existing1711,L063072609,L063072609,L063,0726,9,"3071|3072|3073"
existing1711,L063072610,L063072610,L063,0726,10,"3074|3075|3076"
existing1711,L063072611,L063072611,L063,0726,11,"3077|3078|3079"
existing1711,L063072612,L063072612,L063,0726,12,"3080|3081|3082"
existing1711,L068072102,L068072101,L068,0721,1,"1228|1229"
existing1711,L068072104,L068072102,L068,0721,2,"1230|1231"
existing1711,L068072105,L068072103,L068,0721,3,"1232|1233"
existing1711,L068072108,L068072104,L068,0721,4,"1234|1235"
existing1711,L068072109,L068072105,L068,0721,5,"1236|1237"
existing1711,L068072110,L068072106,L068,0721,6,"1238|1239"
existing1711,L068072113,L068072107,L068,0721,7,"1240|1241"
existing1711,L068072114,L068072108,L068,0721,8,"1242|1243"
existing1711,L068072115,L068072109,L068,0721,9,"1244|1245"
existing1711,L068072116,L068072110,L068,0721,10,"1246|1247"
existing1711,L068072117,L068072111,L068,0721,11,"1248|1249"
existing1711,L068072118,L068072112,L068,0721,12,"1250|1251"
existing1711,L068072119,L068072113,L068,0721,13,"1252|1253"
existing1711,L068072120,L068072114,L068,0721,14,"1254|1255"
existing1711,L068072121,L068072115,L068,0721,15,"1256|1257"
existing1711,L068072123,L068072116,L068,0721,16,"1258|1259"
existing1711,L068072124,L068072117,L068,0721,17,"1260|1261"
existing1711,L068072125,L068072118,L068,0721,18,"1262|1263"
existing1711,L068072127,L068072119,L068,0721,19,"1264|1265"
existing1711,L068072128,L068072120,L068,0721,20,"1266|1267"
existing1711,L068072129,L068072121,L068,0721,21,"1268|1269"
existing1711,L068072130,L068072122,L068,0721,22,"1270|1271"
existing1711,L068072131,L068072123,L068,0721,23,"1272|1273"
existing1711,L068072132,L068072124,L068,0721,24,"1274|1275"
existing1711,L068072133,L068072125,L068,0721,25,"1276|1277"
existing1711,L068072134,L068072126,L068,0721,26,"1278|1279"
existing1711,L068072135,L068072127,L068,0721,27,"1280|1281"
existing1711,L068072136,L068072128,L068,0721,28,"1282|1283"
existing1711,L068072137,L068072129,L068,0721,29,"1284|1285"
existing1711,L068072138,L068072130,L068,0721,30,"1286|1287"
existing1711,L068072140,L068072131,L068,0721,31,"1288|1289"
existing1711,L068072141,L068072132,L068,0721,32,"1290|1291"
existing1711,L068072142,L068072133,L068,0721,33,"1292|1293"
existing1711,L068072143,L068072134,L068,0721,34,"1294|1295"
existing1711,L068072144,L068072135,L068,0721,35,"1296|1297"
existing1711,L068072145,L068072136,L068,0721,36,"1298|1299"
existing1711,L068072146,L068072137,L068,0721,37,"1300|1301"
existing1711,L068072147,L068072138,L068,0721,38,"1302|1303"
existing1711,L068072148,L068072139,L068,0721,39,"1304|1305"
existing1711,L068072149,L068072140,L068,0721,40,"1306|1307"
existing1711,L068072150,L068072141,L068,0721,41,"1308|1309"
existing1711,L068072151,L068072142,L068,0721,42,"1310|1311"
existing1711,L068072152,L068072143,L068,0721,43,"1312|1313"
existing1711,L068072153,L068072144,L068,0721,44,"1314|1315"
existing1711,L068072154,L068072145,L068,0721,45,"1316|1317"
existing1711,L068072202,L068072201,L068,0722,1,"1318|1319"
existing1711,L068072204,L068072202,L068,0722,2,"1320|1321"
existing1711,L068072205,L068072203,L068,0722,3,"1322|1323"
existing1711,L068072209,L068072204,L068,0722,4,"1324|1325"
existing1711,L068072210,L068072205,L068,0722,5,"1326|1327"
existing1711,L068072213,L068072206,L068,0722,6,"1328|1329"
existing1711,L068072214,L068072207,L068,0722,7,"1330|1331"
existing1711,L068072215,L068072208,L068,0722,8,"1332|1333"
existing1711,L068072216,L068072209,L068,0722,9,"1334|1335"
existing1711,L068072217,L068072210,L068,0722,10,"1336|1337"
existing1711,L068072218,L068072211,L068,0722,11,"1338|1339"
existing1711,L068072219,L068072212,L068,0722,12,"1340|1341"
existing1711,L068072220,L068072213,L068,0722,13,"1342|1343"
existing1711,L068072221,L068072214,L068,0722,14,"1344|1345"
existing1711,L068072223,L068072215,L068,0722,15,"1346|1347"
existing1711,L068072224,L068072216,L068,0722,16,"1348|1349"
existing1711,L068072225,L068072217,L068,0722,17,"1350|1351"
existing1711,L068072227,L068072218,L068,0722,18,"1352|1353"
existing1711,L068072228,L068072219,L068,0722,19,"1354|1355"
existing1711,L068072229,L068072220,L068,0722,20,"1356|1357"
existing1711,L068072230,L068072221,L068,0722,21,"1358|1359"
existing1711,L068072231,L068072222,L068,0722,22,"1360|1361"
existing1711,L068072232,L068072223,L068,0722,23,"1362|1363"
existing1711,L068072233,L068072224,L068,0722,24,"1364|1365"
existing1711,L068072234,L068072225,L068,0722,25,"1366|1367"
existing1711,L068072235,L068072226,L068,0722,26,"1368|1369"
existing1711,L068072236,L068072227,L068,0722,27,"1370|1371"
existing1711,L068072237,L068072228,L068,0722,28,"1372|1373"
existing1711,L068072238,L068072229,L068,0722,29,"1374|1375"
existing1711,L068072240,L068072230,L068,0722,30,"1376|1377"
existing1711,L068072241,L068072231,L068,0722,31,"1378|1379"
existing1711,L068072242,L068072232,L068,0722,32,"1380|1381"
existing1711,L068072243,L068072233,L068,0722,33,"1382|1383"
existing1711,L068072244,L068072234,L068,0722,34,"1384|1385"
existing1711,L068072245,L068072235,L068,0722,35,"1386|1387"
existing1711,L068072246,L068072236,L068,0722,36,"1388|1389"
existing1711,L068072247,L068072237,L068,0722,37,"1390|1391"
existing1711,L068072248,L068072238,L068,0722,38,"1392|1393"
existing1711,L068072249,L068072239,L068,0722,39,"1394|1395"
existing1711,L068072250,L068072240,L068,0722,40,"1396|1397"
existing1711,L068072251,L068072241,L068,0722,41,"1398|1399"
existing1711,L068072252,L068072242,L068,0722,42,"1400|1401"
existing1711,L068072253,L068072243,L068,0722,43,"1402|1403"
existing1711,L068072254,L068072244,L068,0722,44,"1404|1405"
existing1711,L068072255,L068072245,L068,0722,45,"1406|1407"
existing1711,L068072256,L068072246,L068,0722,46,"1408|1409"
existing1711,L068072257,L068072247,L068,0722,47,"1410|1411"
existing1711,L068072258,L068072248,L068,0722,48,"1412|1413"
existing1711,L068072259,L068072249,L068,0722,49,"1414|1415"
existing1711,L068072301,L068072301,L068,0723,1,"1416|1417"
existing1711,L068072302,L068072302,L068,0723,2,"1418|1419"
existing1711,L068072303,L068072303,L068,0723,3,"1420|1421"
existing1711,L068072304,L068072304,L068,0723,4,"1422|1423"
existing1711,L068072305,L068072305,L068,0723,5,"1424|1425"
existing1711,L068072306,L068072306,L068,0723,6,"1426|1427"
existing1711,L068072307,L068072307,L068,0723,7,"1428|1429"
existing1711,L068072308,L068072308,L068,0723,8,"1430|1431"
existing1711,L068072309,L068072309,L068,0723,9,"1432|1433"
existing1711,L068072310,L068072310,L068,0723,10,"1434|1435"
existing1711,L068072311,L068072311,L068,0723,11,"1436|1437"
existing1711,L068072312,L068072312,L068,0723,12,"1438|1439"
existing1711,L068072313,L068072313,L068,0723,13,"1440|1441"
existing1711,L068072314,L068072314,L068,0723,14,"1442|1443"
existing1711,L068072315,L068072315,L068,0723,15,"1444|1445"
existing1711,L068072316,L068072316,L068,0723,16,"1446|1447"
existing1711,L068072317,L068072317,L068,0723,17,"1448|1449"
existing1711,L068072318,L068072318,L068,0723,18,"1450|1451"
existing1711,L068072319,L068072319,L068,0723,19,"1452|1453"
existing1711,L068072320,L068072320,L068,0723,20,"1454|1455"
existing1711,L068072321,L068072321,L068,0723,21,"1456|1457"
existing1711,L068072322,L068072322,L068,0723,22,"1458|1459"
existing1711,L068072323,L068072323,L068,0723,23,"1460|1461"
existing1711,L068072324,L068072324,L068,0723,24,"1462|1463"
existing1711,L068072325,L068072325,L068,0723,25,"1464|1465"
existing1711,L068072326,L068072326,L068,0723,26,"1466|1467"
existing1711,L068072327,L068072327,L068,0723,27,"1468|1469"
existing1711,L068072328,L068072328,L068,0723,28,"1470|1471"
existing1711,L068072329,L068072329,L068,0723,29,"1472|1473"
existing1711,L068072330,L068072330,L068,0723,30,"1474|1475"
existing1711,L068072331,L068072331,L068,0723,31,"1476|1477"
existing1711,L068072332,L068072332,L068,0723,32,"1478|1479"
existing1711,L068072333,L068072333,L068,0723,33,"1480|1481"
existing1711,L068072334,L068072334,L068,0723,34,"1482|1483"
existing1711,L068072335,L068072335,L068,0723,35,"1484|1485"
existing1711,L068072336,L068072336,L068,0723,36,"1486|1487"
existing1711,L068072337,L068072337,L068,0723,37,"1488|1489"
existing1711,L068072338,L068072338,L068,0723,38,"1490|1491"
existing1711,L068072339,L068072339,L068,0723,39,"1492|1493"
existing1711,L068072340,L068072340,L068,0723,40,"1494|1495"
existing1711,L068072341,L068072341,L068,0723,41,"1496|1497"
existing1711,L068072342,L068072342,L068,0723,42,"1498|1499"
existing1711,L068072402,L068072401,L068,0724,1,"1500|1501"
existing1711,L068072404,L068072402,L068,0724,2,"1502|1503"
existing1711,L068072405,L068072403,L068,0724,3,"1504|1505"
existing1711,L068072408,L068072404,L068,0724,4,"1506|1507"
existing1711,L068072409,L068072405,L068,0724,5,"1508|1509"
existing1711,L068072410,L068072406,L068,0724,6,"1510|1511"
existing1711,L068072413,L068072407,L068,0724,7,"1512|1513"
existing1711,L068072414,L068072408,L068,0724,8,"1514|1515"
existing1711,L068072415,L068072409,L068,0724,9,"1516|1517"
existing1711,L068072416,L068072410,L068,0724,10,"1518|1519"
existing1711,L068072417,L068072411,L068,0724,11,"1520|1521"
existing1711,L068072418,L068072412,L068,0724,12,"1522|1523"
existing1711,L068072419,L068072413,L068,0724,13,"1524|1525"
existing1711,L068072420,L068072414,L068,0724,14,"1526|1527"
existing1711,L068072421,L068072415,L068,0724,15,"1528|1529"
existing1711,L068072423,L068072416,L068,0724,16,"1530|1531"
existing1711,L068072424,L068072417,L068,0724,17,"1532|1533"
existing1711,L068072425,L068072418,L068,0724,18,"1534|1535"
existing1711,L068072427,L068072419,L068,0724,19,"1536|1537"
existing1711,L068072428,L068072420,L068,0724,20,"1538|1539"
existing1711,L068072429,L068072421,L068,0724,21,"1540|1541"
existing1711,L068072430,L068072422,L068,0724,22,"1542|1543"
existing1711,L068072431,L068072423,L068,0724,23,"1544|1545"
existing1711,L068072432,L068072424,L068,0724,24,"1546|1547"
existing1711,L068072433,L068072425,L068,0724,25,"1548|1549"
existing1711,L068072434,L068072426,L068,0724,26,"1550|1551"
existing1711,L068072435,L068072427,L068,0724,27,"1552|1553"
existing1711,L068072436,L068072428,L068,0724,28,"1554|1555"
existing1711,L068072437,L068072429,L068,0724,29,"1556|1557"
existing1711,L068072438,L068072430,L068,0724,30,"1558|1559"
existing1711,L068072440,L068072431,L068,0724,31,"1560|1561"
existing1711,L068072441,L068072432,L068,0724,32,"1562|1563"
existing1711,L068072442,L068072433,L068,0724,33,"1564|1565"
existing1711,L068072443,L068072434,L068,0724,34,"1566|1567"
existing1711,L068072444,L068072435,L068,0724,35,"1568|1569"
existing1711,L068072445,L068072436,L068,0724,36,"1570|1571"
existing1711,L068072446,L068072437,L068,0724,37,"1572|1573"
existing1711,L068072447,L068072438,L068,0724,38,"1574|1575"
existing1711,L068072448,L068072439,L068,0724,39,"1576|1577"
existing1711,L068072449,L068072440,L068,0724,40,"1578|1579"
existing1711,L068072450,L068072441,L068,0724,41,"1580|1581"
existing1711,L068072451,L068072442,L068,0724,42,"1582|1583"
existing1711,L068072452,L068072443,L068,0724,43,"1584|1585"
existing1711,L068072453,L068072444,L068,0724,44,"1586|1587"
existing1711,L068072454,L068072445,L068,0724,45,"1588|1589"
existing1711,L071072101,L071072101,L071,0721,1,"1590|1591"
existing1711,L071072103,L071072102,L071,0721,2,"1592|1593"
existing1711,L071072104,L071072103,L071,0721,3,"1594|1595"
existing1711,L071072106,L071072104,L071,0721,4,"1596|1597"
new289,L071072609,L071072105,L071,0721,5,"3519|3520"
existing1711,L071072107,L071072106,L071,0721,6,"1598|1599"
existing1711,L071072110,L071072107,L071,0721,7,"1600|1601"
existing1711,L071072112,L071072108,L071,0721,8,"1602|1603"
new289,L071072610,L071072109,L071,0721,9,"3521|3522"
existing1711,L071072115,L071072110,L071,0721,10,"1604|1605"
existing1711,L071072117,L071072111,L071,0721,11,"1606|1607"
existing1711,L071072119,L071072112,L071,0721,12,"1608|1609"
existing1711,L071072120,L071072113,L071,0721,13,"1610|1611"
new289,L071072611,L071072114,L071,0721,14,"3523|3524"
existing1711,L071072121,L071072115,L071,0721,15,"1612|1613"
existing1711,L071072122,L071072116,L071,0721,16,"1614|1615"
existing1711,L071072123,L071072117,L071,0721,17,"1616|1617"
new289,L071072612,L071072118,L071,0721,18,"3525|3526"
existing1711,L071072124,L071072119,L071,0721,19,"1618|1619"
existing1711,L071072125,L071072120,L071,0721,20,"1620|1621"
existing1711,L071072126,L071072121,L071,0721,21,"1622|1623"
existing1711,L071072127,L071072122,L071,0721,22,"1624|1625"
existing1711,L071072203,L071072201,L071,0722,1,"1626|1627"
existing1711,L071072204,L071072202,L071,0722,2,"1628|1629"
existing1711,L071072206,L071072203,L071,0722,3,"1630|1631"
existing1711,L071072212,L071072204,L071,0722,4,"1632|1633"
new289,L071072613,L071072205,L071,0722,5,"3527|3528"
existing1711,L071072215,L071072206,L071,0722,6,"1634|1635"
existing1711,L071072217,L071072207,L071,0722,7,"1636|1637"
existing1711,L071072219,L071072208,L071,0722,8,"1638|1639"
existing1711,L071072220,L071072209,L071,0722,9,"1640|1641"
new289,L071072614,L071072210,L071,0722,10,"3529|3530"
existing1711,L071072221,L071072211,L071,0722,11,"1642|1643"
existing1711,L071072222,L071072212,L071,0722,12,"1644|1645"
existing1711,L071072223,L071072213,L071,0722,13,"1646|1647"
new289,L071072615,L071072214,L071,0722,14,"3531|3532"
existing1711,L071072224,L071072215,L071,0722,15,"1648|1649"
existing1711,L071072225,L071072216,L071,0722,16,"1650|1651"
existing1711,L071072226,L071072217,L071,0722,17,"1652|1653"
existing1711,L071072227,L071072218,L071,0722,18,"1654|1655"
existing1711,L071072301,L071072301,L071,0723,1,"1656|1657"
existing1711,L071072302,L071072302,L071,0723,2,"1658|1659"
existing1711,L071072303,L071072303,L071,0723,3,"1660|1661"
existing1711,L071072304,L071072304,L071,0723,4,"1662|1663"
new289,L071072616,L071072305,L071,0723,5,"3533|3534"
existing1711,L071072305,L071072306,L071,0723,6,"1664|1665"
existing1711,L071072306,L071072307,L071,0723,7,"1666|1667"
existing1711,L071072307,L071072308,L071,0723,8,"1668|1669"
existing1711,L071072308,L071072309,L071,0723,9,"1670|1671"
new289,L071072617,L071072310,L071,0723,10,"3535|3536"
existing1711,L071072309,L071072311,L071,0723,11,"1672|1673"
existing1711,L071072310,L071072312,L071,0723,12,"1674|1675"
existing1711,L071072311,L071072313,L071,0723,13,"1676|1677"
existing1711,L071072312,L071072314,L071,0723,14,"1678|1679"
existing1711,L071072313,L071072315,L071,0723,15,"1680|1681"
new289,L071072618,L071072316,L071,0723,16,"3537|3538"
existing1711,L071072314,L071072317,L071,0723,17,"1682|1683"
existing1711,L071072315,L071072318,L071,0723,18,"1684|1685"
existing1711,L071072316,L071072319,L071,0723,19,"1686|1687"
existing1711,L071072317,L071072320,L071,0723,20,"1688|1689"
new289,L071072619,L071072321,L071,0723,21,"3539|3540"
existing1711,L071072318,L071072322,L071,0723,22,"1690|1691"
existing1711,L071072319,L071072323,L071,0723,23,"1692|1693"
existing1711,L071072320,L071072324,L071,0723,24,"1694|1695"
existing1711,L071072321,L071072325,L071,0723,25,"1696|1697"
existing1711,L071072401,L071072401,L071,0724,1,"1698|1699"
existing1711,L071072402,L071072402,L071,0724,2,"1700|1701"
existing1711,L071072403,L071072403,L071,0724,3,"1702|1703"
existing1711,L071072404,L071072404,L071,0724,4,"1704|1705"
existing1711,L071072406,L071072405,L071,0724,5,"1706|1707"
new289,L071072620,L071072406,L071,0724,6,"3541|3542"
existing1711,L071072407,L071072407,L071,0724,7,"1708|1709"
existing1711,L071072408,L071072408,L071,0724,8,"1710|1711"
existing1711,L071072409,L071072409,L071,0724,9,"1712|1713"
existing1711,L071072410,L071072410,L071,0724,10,"1714|1715"
new289,L071072621,L071072411,L071,0724,11,"3543|3544"
existing1711,L071072412,L071072412,L071,0724,12,"1716|1717"
existing1711,L071072413,L071072413,L071,0724,13,"1718|1719"
existing1711,L071072414,L071072414,L071,0724,14,"1720|1721"
existing1711,L071072415,L071072415,L071,0724,15,"1722|1723"
existing1711,L071072416,L071072416,L071,0724,16,"1724|1725"
new289,L071072622,L071072417,L071,0724,17,"3545|3546"
existing1711,L071072417,L071072418,L071,0724,18,"1726|1727"
existing1711,L071072419,L071072419,L071,0724,19,"1728|1729"
existing1711,L071072420,L071072420,L071,0724,20,"1730|1731"
existing1711,L071072421,L071072421,L071,0724,21,"1732|1733"
existing1711,L071072601,L071072601,L071,0726,1,"3083|3084"
existing1711,L071072603,L071072603,L071,0726,3,"3085|3086"
existing1711,L071072604,L071072604,L071,0726,4,"3087|3088"
existing1711,L071072605,L071072605,L071,0726,5,"3089|3090"
existing1711,L071072606,L071072606,L071,0726,6,"3091|3092"
existing1711,L071072607,L071072607,L071,0726,7,"3093|3094"
existing1711,L071072608,L071072608,L071,0726,8,"3095|3096"
existing1711,L072072101,L072072101,L072,0721,1,"1734|1735"
existing1711,L072072102,L072072102,L072,0721,2,"1736|1737"
existing1711,L072072103,L072072103,L072,0721,3,"1738|1739"
existing1711,L072072104,L072072104,L072,0721,4,"1740|1741"
existing1711,L072072105,L072072105,L072,0721,5,"1742|1743"
existing1711,L072072106,L072072106,L072,0721,6,"1744|1745"
existing1711,L072072107,L072072107,L072,0721,7,"1746|1747"
existing1711,L072072108,L072072108,L072,0721,8,"1748|1749"
existing1711,L072072109,L072072109,L072,0721,9,"1750|1751"
existing1711,L072072110,L072072110,L072,0721,10,"1752|1753"
existing1711,L072072111,L072072111,L072,0721,11,"1754|1755"
existing1711,L072072112,L072072112,L072,0721,12,"1756|1757"
existing1711,L072072201,L072072201,L072,0722,1,"1758|1759"
existing1711,L072072202,L072072202,L072,0722,2,"1760|1761"
existing1711,L072072203,L072072203,L072,0722,3,"1762|1763"
existing1711,L072072204,L072072204,L072,0722,4,"1764|1765"
existing1711,L072072205,L072072205,L072,0722,5,"1766|1767"
existing1711,L072072206,L072072206,L072,0722,6,"1768|1769"
existing1711,L072072207,L072072207,L072,0722,7,"1770|1771"
existing1711,L072072208,L072072208,L072,0722,8,"1772|1773"
existing1711,L072072209,L072072209,L072,0722,9,"1774|1775"
existing1711,L072072210,L072072210,L072,0722,10,"1776|1777"
existing1711,L072072211,L072072211,L072,0722,11,"1778|1779"
existing1711,L072072212,L072072212,L072,0722,12,"1780|1781"
existing1711,L072072301,L072072301,L072,0723,1,"1782|1783"
existing1711,L072072302,L072072302,L072,0723,2,"1784|1785"
existing1711,L072072303,L072072303,L072,0723,3,"1786|1787"
existing1711,L072072304,L072072304,L072,0723,4,"1788|1789"
existing1711,L072072305,L072072305,L072,0723,5,"1790|1791"
existing1711,L072072306,L072072306,L072,0723,6,"1792|1793"
existing1711,L072072307,L072072307,L072,0723,7,"1794|1795"
existing1711,L072072308,L072072308,L072,0723,8,"1796|1797"
existing1711,L072072309,L072072309,L072,0723,9,"1798|1799"
existing1711,L072072310,L072072310,L072,0723,10,"1800|1801"
existing1711,L072072311,L072072311,L072,0723,11,"1802|1803"
existing1711,L072072312,L072072312,L072,0723,12,"1804|1805"
existing1711,L072072401,L072072401,L072,0724,1,"1806|1807"
existing1711,L072072402,L072072402,L072,0724,2,"1808|1809"
existing1711,L072072403,L072072403,L072,0724,3,"1810|1811"
existing1711,L072072404,L072072404,L072,0724,4,"1812|1813"
existing1711,L072072405,L072072405,L072,0724,5,"1814|1815"
existing1711,L072072406,L072072406,L072,0724,6,"1816|1817"
existing1711,L072072407,L072072407,L072,0724,7,"1818|1819"
existing1711,L072072408,L072072408,L072,0724,8,"1820|1821"
existing1711,L072072409,L072072409,L072,0724,9,"1822|1823"
existing1711,L072072410,L072072410,L072,0724,10,"1824|1825"
existing1711,L072072411,L072072411,L072,0724,11,"1826|1827"
existing1711,L072072412,L072072412,L072,0724,12,"1828|1829"
existing1711,L074072101,L074072101,L074,0721,1,"1830"
new289,L074072609,L074072102,L074,0721,2,"3547"
existing1711,L074072102,L074072103,L074,0721,3,"1831"
existing1711,L074072104,L074072104,L074,0721,4,"1832"
new289,L074072610,L074072105,L074,0721,5,"3548"
existing1711,L074072105,L074072106,L074,0721,6,"1833"
new289,L074072611,L074072107,L074,0721,7,"3549"
existing1711,L074072106,L074072108,L074,0721,8,"1834"
new289,L074072612,L074072109,L074,0721,9,"3550"
existing1711,L074072108,L074072110,L074,0721,10,"1835"
existing1711,L074072109,L074072111,L074,0721,11,"1836"
new289,L074072613,L074072112,L074,0721,12,"3551"
existing1711,L074072110,L074072113,L074,0721,13,"1837"
existing1711,L074072202,L074072201,L074,0722,1,"1838"
existing1711,L074072204,L074072202,L074,0722,2,"1839"
new289,L074072614,L074072203,L074,0722,3,"3552"
existing1711,L074072205,L074072204,L074,0722,4,"1840"
new289,L074072615,L074072205,L074,0722,5,"3553"
existing1711,L074072206,L074072206,L074,0722,6,"1841"
existing1711,L074072208,L074072207,L074,0722,7,"1842"
new289,L074072616,L074072208,L074,0722,8,"3554"
existing1711,L074072210,L074072209,L074,0722,9,"1843"
existing1711,L074072301,L074072301,L074,0723,1,"1844"
existing1711,L074072302,L074072302,L074,0723,2,"1845"
new289,L074072617,L074072303,L074,0723,3,"3555"
existing1711,L074072303,L074072304,L074,0723,4,"1846"
new289,L074072618,L074072305,L074,0723,5,"3556"
existing1711,L074072304,L074072306,L074,0723,6,"1847"
existing1711,L074072305,L074072307,L074,0723,7,"1848"
new289,L074072619,L074072308,L074,0723,8,"3557"
existing1711,L074072306,L074072309,L074,0723,9,"1849"
new289,L074072620,L074072310,L074,0723,10,"3558"
existing1711,L074072307,L074072311,L074,0723,11,"1850"
existing1711,L074072308,L074072312,L074,0723,12,"1851"
existing1711,L074072401,L074072401,L074,0724,1,"1852"
existing1711,L074072402,L074072402,L074,0724,2,"1853"
new289,L074072621,L074072403,L074,0724,3,"3559"
existing1711,L074072403,L074072404,L074,0724,4,"1854"
new289,L074072622,L074072405,L074,0724,5,"3560"
existing1711,L074072404,L074072406,L074,0724,6,"1855"
existing1711,L074072405,L074072407,L074,0724,7,"1856"
new289,L074072623,L074072408,L074,0724,8,"3561"
existing1711,L074072406,L074072409,L074,0724,9,"1857"
new289,L074072624,L074072410,L074,0724,10,"3562"
existing1711,L074072407,L074072411,L074,0724,11,"1858"
existing1711,L074072408,L074072412,L074,0724,12,"1859"
existing1711,L074072601,L074072601,L074,0726,1,"3097"
existing1711,L074072602,L074072602,L074,0726,2,"3098"
existing1711,L074072603,L074072603,L074,0726,3,"3099"
existing1711,L074072604,L074072604,L074,0726,4,"3100"
existing1711,L074072605,L074072605,L074,0726,5,"3101"
existing1711,L074072606,L074072606,L074,0726,6,"3102"
existing1711,L074072607,L074072607,L074,0726,7,"3103"
existing1711,L074072608,L074072608,L074,0726,8,"3104"
existing1711,L075072101,L075072101,L075,0721,1,"1860"
existing1711,L075072102,L075072102,L075,0721,2,"1861"
existing1711,L075072103,L075072103,L075,0721,3,"1862"
existing1711,L075072104,L075072104,L075,0721,4,"1863"
existing1711,L075072105,L075072105,L075,0721,5,"1864"
existing1711,L075072106,L075072106,L075,0721,6,"1865"
new289,L075072603,L075072107,L075,0721,7,"3563"
existing1711,L075072107,L075072108,L075,0721,8,"1866"
existing1711,L075072108,L075072109,L075,0721,9,"1867"
existing1711,L075072109,L075072110,L075,0721,10,"1868"
existing1711,L075072110,L075072111,L075,0721,11,"1869"
existing1711,L075072111,L075072112,L075,0721,12,"1870"
existing1711,L075072112,L075072113,L075,0721,13,"1871"
existing1711,L075072113,L075072114,L075,0721,14,"1872"
new289,L075072604,L075072115,L075,0721,15,"3564"
existing1711,L075072114,L075072116,L075,0721,16,"1873"
existing1711,L075072115,L075072117,L075,0721,17,"1874"
existing1711,L075072116,L075072118,L075,0721,18,"1875"
existing1711,L075072117,L075072119,L075,0721,19,"1876"
existing1711,L075072118,L075072120,L075,0721,20,"1877"
existing1711,L075072119,L075072121,L075,0721,21,"1878"
existing1711,L075072201,L075072201,L075,0722,1,"1879"
existing1711,L075072202,L075072202,L075,0722,2,"1880"
existing1711,L075072203,L075072203,L075,0722,3,"1881"
existing1711,L075072204,L075072204,L075,0722,4,"1882"
existing1711,L075072205,L075072205,L075,0722,5,"1883"
existing1711,L075072206,L075072206,L075,0722,6,"1884"
existing1711,L075072207,L075072207,L075,0722,7,"1885"
existing1711,L075072208,L075072208,L075,0722,8,"1886"
existing1711,L075072209,L075072209,L075,0722,9,"1887"
existing1711,L075072210,L075072210,L075,0722,10,"1888"
new289,L075072605,L075072211,L075,0722,11,"3565"
existing1711,L075072211,L075072212,L075,0722,12,"1889"
existing1711,L075072212,L075072213,L075,0722,13,"1890"
existing1711,L075072213,L075072214,L075,0722,14,"1891"
existing1711,L075072214,L075072215,L075,0722,15,"1892"
existing1711,L075072215,L075072216,L075,0722,16,"1893"
existing1711,L075072216,L075072217,L075,0722,17,"1894"
existing1711,L075072217,L075072218,L075,0722,18,"1895"
existing1711,L075072218,L075072219,L075,0722,19,"1896"
existing1711,L075072219,L075072220,L075,0722,20,"1897"
existing1711,L075072301,L075072301,L075,0723,1,"1898"
existing1711,L075072302,L075072302,L075,0723,2,"1899"
existing1711,L075072303,L075072303,L075,0723,3,"1900"
existing1711,L075072304,L075072304,L075,0723,4,"1901"
existing1711,L075072305,L075072305,L075,0723,5,"1902"
existing1711,L075072306,L075072306,L075,0723,6,"1903"
existing1711,L075072307,L075072307,L075,0723,7,"1904"
existing1711,L075072308,L075072308,L075,0723,8,"1905"
existing1711,L075072309,L075072309,L075,0723,9,"1906"
existing1711,L075072310,L075072310,L075,0723,10,"1907"
new289,L075072606,L075072311,L075,0723,11,"3566"
existing1711,L075072311,L075072312,L075,0723,12,"1908"
existing1711,L075072312,L075072313,L075,0723,13,"1909"
existing1711,L075072313,L075072314,L075,0723,14,"1910"
existing1711,L075072314,L075072315,L075,0723,15,"1911"
existing1711,L075072315,L075072316,L075,0723,16,"1912"
existing1711,L075072316,L075072317,L075,0723,17,"1913"
existing1711,L075072317,L075072318,L075,0723,18,"1914"
existing1711,L075072318,L075072319,L075,0723,19,"1915"
existing1711,L075072319,L075072320,L075,0723,20,"1916"
existing1711,L075072401,L075072401,L075,0724,1,"1917"
existing1711,L075072402,L075072402,L075,0724,2,"1918"
existing1711,L075072403,L075072403,L075,0724,3,"1919"
existing1711,L075072404,L075072404,L075,0724,4,"1920"
existing1711,L075072405,L075072405,L075,0724,5,"1921"
existing1711,L075072406,L075072406,L075,0724,6,"1922"
existing1711,L075072407,L075072407,L075,0724,7,"1923"
existing1711,L075072408,L075072408,L075,0724,8,"1924"
existing1711,L075072409,L075072409,L075,0724,9,"1925"
existing1711,L075072410,L075072410,L075,0724,10,"1926"
new289,L075072607,L075072411,L075,0724,11,"3567"
existing1711,L075072411,L075072412,L075,0724,12,"1927"
existing1711,L075072412,L075072413,L075,0724,13,"1928"
existing1711,L075072413,L075072414,L075,0724,14,"1929"
existing1711,L075072414,L075072415,L075,0724,15,"1930"
existing1711,L075072415,L075072416,L075,0724,16,"1931"
existing1711,L075072416,L075072417,L075,0724,17,"1932"
existing1711,L075072417,L075072418,L075,0724,18,"1933"
existing1711,L075072418,L075072419,L075,0724,19,"1934"
existing1711,L075072419,L075072420,L075,0724,20,"1935"
existing1711,L075072601,L075072601,L075,0726,1,"3105"
existing1711,L075072602,L075072602,L075,0726,2,"3106"
existing1711,L076072102,L076072101,L076,0721,1,"1936"
existing1711,L076072103,L076072102,L076,0721,2,"1937"
existing1711,L076072105,L076072103,L076,0721,3,"1938"
existing1711,L076072107,L076072104,L076,0721,4,"1939"
existing1711,L076072108,L076072105,L076,0721,5,"1940"
existing1711,L076072109,L076072106,L076,0721,6,"1941"
existing1711,L076072203,L076072201,L076,0722,1,"1942"
existing1711,L076072205,L076072202,L076,0722,2,"1943"
existing1711,L076072207,L076072203,L076,0722,3,"1944"
existing1711,L076072208,L076072204,L076,0722,4,"1945"
existing1711,L076072209,L076072205,L076,0722,5,"1946"
existing1711,L076072301,L076072301,L076,0723,1,"1947"
existing1711,L076072302,L076072302,L076,0723,2,"1948"
existing1711,L076072303,L076072303,L076,0723,3,"1949"
existing1711,L076072304,L076072304,L076,0723,4,"1950"
existing1711,L076072305,L076072305,L076,0723,5,"1951"
existing1711,L076072306,L076072306,L076,0723,6,"1952"
existing1711,L076072401,L076072401,L076,0724,1,"1953"
existing1711,L076072402,L076072402,L076,0724,2,"1954"
existing1711,L076072403,L076072403,L076,0724,3,"1955"
existing1711,L076072404,L076072404,L076,0724,4,"1956"
existing1711,L076072405,L076072405,L076,0724,5,"1957"
existing1711,L076072406,L076072406,L076,0724,6,"1958"
existing1711,L077072101,L077072101,L077,0721,1,"1959"
new289,L077072606,L077072102,L077,0721,2,"3568"
existing1711,L077072102,L077072103,L077,0721,3,"1960"
new289,L077072607,L077072104,L077,0721,4,"3569"
new289,L077072608,L077072105,L077,0721,5,"3570"
existing1711,L077072103,L077072106,L077,0721,6,"1961"
existing1711,L077072201,L077072201,L077,0722,1,"1962"
new289,L077072609,L077072202,L077,0722,2,"3571"
existing1711,L077072202,L077072203,L077,0722,3,"1963"
new289,L077072610,L077072204,L077,0722,4,"3572"
new289,L077072611,L077072205,L077,0722,5,"3573"
existing1711,L077072203,L077072206,L077,0722,6,"1964"
existing1711,L077072301,L077072301,L077,0723,1,"1965"
new289,L077072612,L077072302,L077,0723,2,"3574"
existing1711,L077072302,L077072303,L077,0723,3,"1966"
new289,L077072613,L077072304,L077,0723,4,"3575"
existing1711,L077072303,L077072305,L077,0723,5,"1967"
existing1711,L077072401,L077072401,L077,0724,1,"1968"
new289,L077072614,L077072402,L077,0724,2,"3576"
existing1711,L077072402,L077072403,L077,0724,3,"1969"
new289,L077072615,L077072404,L077,0724,4,"3577"
existing1711,L077072403,L077072405,L077,0724,5,"1970"
existing1711,L077072601,L077072601,L077,0726,1,"3107"
existing1711,L077072602,L077072602,L077,0726,2,"3108"
existing1711,L077072603,L077072603,L077,0726,3,"3109"
existing1711,L077072604,L077072604,L077,0726,4,"3110"
existing1711,L077072605,L077072605,L077,0726,5,"3111"
existing1711,L081072101,L081072101,L081,0721,1,"1971|1972"
existing1711,L081072102,L081072102,L081,0721,2,"1973|1974"
existing1711,L081072103,L081072103,L081,0721,3,"1975|1976"
existing1711,L081072104,L081072104,L081,0721,4,"1977|1978"
existing1711,L081072105,L081072105,L081,0721,5,"1979|1980"
existing1711,L081072106,L081072106,L081,0721,6,"1981|1982"
existing1711,L081072107,L081072107,L081,0721,7,"1983|1984"
existing1711,L081072108,L081072108,L081,0721,8,"1985|1986"
existing1711,L081072109,L081072109,L081,0721,9,"1987|1988"
existing1711,L081072110,L081072110,L081,0721,10,"1989|1990"
existing1711,L081072111,L081072111,L081,0721,11,"1991|1992"
existing1711,L081072112,L081072112,L081,0721,12,"1993|1994"
existing1711,L081072113,L081072113,L081,0721,13,"1995|1996"
existing1711,L081072114,L081072114,L081,0721,14,"1997|1998"
existing1711,L081072115,L081072115,L081,0721,15,"1999|2000"
existing1711,L081072116,L081072116,L081,0721,16,"2001|2002"
new289,L081072602,L081072117,L081,0721,17,"3578|3579"
existing1711,L081072117,L081072118,L081,0721,18,"2003|2004"
existing1711,L081072118,L081072119,L081,0721,19,"2005|2006"
existing1711,L081072119,L081072120,L081,0721,20,"2007|2008"
existing1711,L081072120,L081072121,L081,0721,21,"2009|2010"
existing1711,L081072121,L081072122,L081,0721,22,"2011|2012"
existing1711,L081072122,L081072123,L081,0721,23,"2013|2014"
existing1711,L081072123,L081072124,L081,0721,24,"2015|2016"
existing1711,L081072124,L081072125,L081,0721,25,"2017|2018"
existing1711,L081072125,L081072126,L081,0721,26,"2019|2020"
existing1711,L081072126,L081072127,L081,0721,27,"2021|2022"
existing1711,L081072127,L081072128,L081,0721,28,"2023|2024"
existing1711,L081072128,L081072129,L081,0721,29,"2025|2026"
existing1711,L081072129,L081072130,L081,0721,30,"2027|2028"
existing1711,L081072130,L081072131,L081,0721,31,"2029|2030"
existing1711,L081072131,L081072132,L081,0721,32,"2031|2032"
existing1711,L081072201,L081072201,L081,0722,1,"2033|2034"
existing1711,L081072202,L081072202,L081,0722,2,"2035|2036"
existing1711,L081072203,L081072203,L081,0722,3,"2037|2038"
existing1711,L081072204,L081072204,L081,0722,4,"2039|2040"
existing1711,L081072205,L081072205,L081,0722,5,"2041|2042"
existing1711,L081072206,L081072206,L081,0722,6,"2043|2044"
existing1711,L081072207,L081072207,L081,0722,7,"2045|2046"
existing1711,L081072208,L081072208,L081,0722,8,"2047|2048"
existing1711,L081072209,L081072209,L081,0722,9,"2049|2050"
existing1711,L081072210,L081072210,L081,0722,10,"2051|2052"
existing1711,L081072211,L081072211,L081,0722,11,"2053|2054"
existing1711,L081072212,L081072212,L081,0722,12,"2055|2056"
existing1711,L081072213,L081072213,L081,0722,13,"2057|2058"
existing1711,L081072214,L081072214,L081,0722,14,"2059|2060"
existing1711,L081072215,L081072215,L081,0722,15,"2061|2062"
existing1711,L081072216,L081072216,L081,0722,16,"2063|2064"
new289,L081072603,L081072217,L081,0722,17,"3580|3581"
existing1711,L081072217,L081072218,L081,0722,18,"2065|2066"
existing1711,L081072218,L081072219,L081,0722,19,"2067|2068"
existing1711,L081072219,L081072220,L081,0722,20,"2069|2070"
existing1711,L081072220,L081072221,L081,0722,21,"2071|2072"
existing1711,L081072221,L081072222,L081,0722,22,"2073|2074"
existing1711,L081072222,L081072223,L081,0722,23,"2075|2076"
existing1711,L081072223,L081072224,L081,0722,24,"2077|2078"
existing1711,L081072224,L081072225,L081,0722,25,"2079|2080"
existing1711,L081072225,L081072226,L081,0722,26,"2081|2082"
existing1711,L081072226,L081072227,L081,0722,27,"2083|2084"
existing1711,L081072227,L081072228,L081,0722,28,"2085|2086"
existing1711,L081072228,L081072229,L081,0722,29,"2087|2088"
existing1711,L081072229,L081072230,L081,0722,30,"2089|2090"
existing1711,L081072230,L081072231,L081,0722,31,"2091|2092"
existing1711,L081072231,L081072232,L081,0722,32,"2093|2094"
existing1711,L081072232,L081072233,L081,0722,33,"2095|2096"
existing1711,L081072301,L081072301,L081,0723,1,"2097|2098"
existing1711,L081072302,L081072302,L081,0723,2,"2099|2100"
existing1711,L081072303,L081072303,L081,0723,3,"2101|2102"
existing1711,L081072304,L081072304,L081,0723,4,"2103|2104"
existing1711,L081072305,L081072305,L081,0723,5,"2105|2106"
existing1711,L081072306,L081072306,L081,0723,6,"2107|2108"
existing1711,L081072307,L081072307,L081,0723,7,"2109|2110"
existing1711,L081072308,L081072308,L081,0723,8,"2111|2112"
existing1711,L081072309,L081072309,L081,0723,9,"2113|2114"
existing1711,L081072310,L081072310,L081,0723,10,"2115|2116"
existing1711,L081072311,L081072311,L081,0723,11,"2117|2118"
existing1711,L081072312,L081072312,L081,0723,12,"2119|2120"
existing1711,L081072313,L081072313,L081,0723,13,"2121|2122"
existing1711,L081072314,L081072314,L081,0723,14,"2123|2124"
existing1711,L081072315,L081072315,L081,0723,15,"2125|2126"
existing1711,L081072316,L081072316,L081,0723,16,"2127|2128"
existing1711,L081072317,L081072317,L081,0723,17,"2129|2130"
existing1711,L081072318,L081072318,L081,0723,18,"2131|2132"
existing1711,L081072319,L081072319,L081,0723,19,"2133|2134"
existing1711,L081072320,L081072320,L081,0723,20,"2135|2136"
existing1711,L081072321,L081072321,L081,0723,21,"2137|2138"
existing1711,L081072322,L081072322,L081,0723,22,"2139|2140"
existing1711,L081072323,L081072323,L081,0723,23,"2141|2142"
existing1711,L081072401,L081072401,L081,0724,1,"2143|2144"
existing1711,L081072402,L081072402,L081,0724,2,"2145|2146"
existing1711,L081072403,L081072403,L081,0724,3,"2147|2148"
existing1711,L081072404,L081072404,L081,0724,4,"2149|2150"
existing1711,L081072405,L081072405,L081,0724,5,"2151|2152"
existing1711,L081072406,L081072406,L081,0724,6,"2153|2154"
existing1711,L081072407,L081072407,L081,0724,7,"2155|2156"
existing1711,L081072408,L081072408,L081,0724,8,"2157|2158"
existing1711,L081072409,L081072409,L081,0724,9,"2159|2160"
existing1711,L081072410,L081072410,L081,0724,10,"2161|2162"
existing1711,L081072411,L081072411,L081,0724,11,"2163|2164"
existing1711,L081072412,L081072412,L081,0724,12,"2165|2166"
existing1711,L081072413,L081072413,L081,0724,13,"2167|2168"
existing1711,L081072414,L081072414,L081,0724,14,"2169|2170"
existing1711,L081072415,L081072415,L081,0724,15,"2171|2172"
existing1711,L081072416,L081072416,L081,0724,16,"2173|2174"
new289,L081072604,L081072417,L081,0724,17,"3582|3583"
existing1711,L081072417,L081072418,L081,0724,18,"2175|2176"
existing1711,L081072418,L081072419,L081,0724,19,"2177|2178"
existing1711,L081072419,L081072420,L081,0724,20,"2179|2180"
existing1711,L081072420,L081072421,L081,0724,21,"2181|2182"
existing1711,L081072421,L081072422,L081,0724,22,"2183|2184"
existing1711,L081072422,L081072423,L081,0724,23,"2185|2186"
existing1711,L081072423,L081072424,L081,0724,24,"2187|2188"
existing1711,L081072424,L081072425,L081,0724,25,"2189|2190"
existing1711,L081072425,L081072426,L081,0724,26,"2191|2192"
existing1711,L081072426,L081072427,L081,0724,27,"2193|2194"
existing1711,L081072427,L081072428,L081,0724,28,"2195|2196"
existing1711,L081072428,L081072429,L081,0724,29,"2197|2198"
existing1711,L081072429,L081072430,L081,0724,30,"2199|2200"
existing1711,L081072430,L081072431,L081,0724,31,"2201|2202"
existing1711,L081072431,L081072432,L081,0724,32,"2203|2204"
existing1711,L081072601,L081072601,L081,0726,1,"3112|3113"
existing1711,L082072101,L082072101,L082,0721,1,"2205|2206"
existing1711,L082072102,L082072102,L082,0721,2,"2207|2208"
existing1711,L082072103,L082072103,L082,0721,3,"2209|2210"
existing1711,L082072104,L082072104,L082,0721,4,"2211|2212"
existing1711,L082072105,L082072105,L082,0721,5,"2213|2214"
existing1711,L082072106,L082072106,L082,0721,6,"2215|2216"
existing1711,L082072107,L082072107,L082,0721,7,"2217|2218"
existing1711,L082072108,L082072108,L082,0721,8,"2219|2220"
existing1711,L082072109,L082072109,L082,0721,9,"2221|2222"
existing1711,L082072110,L082072110,L082,0721,10,"2223|2224"
existing1711,L082072111,L082072111,L082,0721,11,"2225|2226"
existing1711,L082072112,L082072112,L082,0721,12,"2227|2228"
existing1711,L082072113,L082072113,L082,0721,13,"2229|2230"
existing1711,L082072114,L082072114,L082,0721,14,"2231|2232"
existing1711,L082072115,L082072115,L082,0721,15,"2233|2234"
existing1711,L082072116,L082072116,L082,0721,16,"2235|2236"
existing1711,L082072117,L082072117,L082,0721,17,"2237|2238"
existing1711,L082072118,L082072118,L082,0721,18,"2239|2240"
existing1711,L082072119,L082072119,L082,0721,19,"2241|2242"
new289,L082072603,L082072120,L082,0721,20,"3584|3585"
existing1711,L082072120,L082072121,L082,0721,21,"2243|2244"
existing1711,L082072121,L082072122,L082,0721,22,"2245|2246"
existing1711,L082072122,L082072123,L082,0721,23,"2247|2248"
existing1711,L082072123,L082072124,L082,0721,24,"2249|2250"
existing1711,L082072124,L082072125,L082,0721,25,"2251|2252"
existing1711,L082072125,L082072126,L082,0721,26,"2253|2254"
existing1711,L082072126,L082072127,L082,0721,27,"2255|2256"
existing1711,L082072127,L082072128,L082,0721,28,"2257|2258"
existing1711,L082072128,L082072129,L082,0721,29,"2259|2260"
existing1711,L082072129,L082072130,L082,0721,30,"2261|2262"
existing1711,L082072130,L082072131,L082,0721,31,"2263|2264"
existing1711,L082072131,L082072132,L082,0721,32,"2265|2266"
existing1711,L082072132,L082072133,L082,0721,33,"2267|2268"
existing1711,L082072133,L082072134,L082,0721,34,"2269|2270"
existing1711,L082072134,L082072135,L082,0721,35,"2271|2272"
existing1711,L082072135,L082072136,L082,0721,36,"2273|2274"
existing1711,L082072136,L082072137,L082,0721,37,"2275|2276"
existing1711,L082072137,L082072138,L082,0721,38,"2277|2278"
existing1711,L082072201,L082072201,L082,0722,1,"2279|2280"
existing1711,L082072202,L082072202,L082,0722,2,"2281|2282"
existing1711,L082072203,L082072203,L082,0722,3,"2283|2284"
existing1711,L082072204,L082072204,L082,0722,4,"2285|2286"
existing1711,L082072205,L082072205,L082,0722,5,"2287|2288"
existing1711,L082072206,L082072206,L082,0722,6,"2289|2290"
existing1711,L082072207,L082072207,L082,0722,7,"2291|2292"
existing1711,L082072208,L082072208,L082,0722,8,"2293|2294"
existing1711,L082072209,L082072209,L082,0722,9,"2295|2296"
existing1711,L082072210,L082072210,L082,0722,10,"2297|2298"
existing1711,L082072211,L082072211,L082,0722,11,"2299|2300"
existing1711,L082072212,L082072212,L082,0722,12,"2301|2302"
existing1711,L082072213,L082072213,L082,0722,13,"2303|2304"
new289,L082072604,L082072214,L082,0722,14,"3586|3587"
existing1711,L082072214,L082072215,L082,0722,15,"2305|2306"
existing1711,L082072215,L082072216,L082,0722,16,"2307|2308"
existing1711,L082072216,L082072217,L082,0722,17,"2309|2310"
existing1711,L082072217,L082072218,L082,0722,18,"2311|2312"
existing1711,L082072218,L082072219,L082,0722,19,"2313|2314"
existing1711,L082072219,L082072220,L082,0722,20,"2315|2316"
existing1711,L082072220,L082072221,L082,0722,21,"2317|2318"
existing1711,L082072221,L082072222,L082,0722,22,"2319|2320"
existing1711,L082072222,L082072223,L082,0722,23,"2321|2322"
existing1711,L082072223,L082072224,L082,0722,24,"2323|2324"
existing1711,L082072224,L082072225,L082,0722,25,"2325|2326"
existing1711,L082072225,L082072226,L082,0722,26,"2327|2328"
existing1711,L082072226,L082072227,L082,0722,27,"2329|2330"
existing1711,L082072227,L082072228,L082,0722,28,"2331|2332"
new289,L082072605,L082072229,L082,0722,29,"3588|3589"
existing1711,L082072228,L082072230,L082,0722,30,"2333|2334"
existing1711,L082072229,L082072231,L082,0722,31,"2335|2336"
existing1711,L082072230,L082072232,L082,0722,32,"2337|2338"
existing1711,L082072231,L082072233,L082,0722,33,"2339|2340"
existing1711,L082072232,L082072234,L082,0722,34,"2341|2342"
existing1711,L082072233,L082072235,L082,0722,35,"2343|2344"
existing1711,L082072234,L082072236,L082,0722,36,"2345|2346"
existing1711,L082072235,L082072237,L082,0722,37,"2347|2348"
existing1711,L082072236,L082072238,L082,0722,38,"2349|2350"
existing1711,L082072237,L082072239,L082,0722,39,"2351|2352"
existing1711,L082072238,L082072240,L082,0722,40,"2353|2354"
existing1711,L082072239,L082072241,L082,0722,41,"2355|2356"
existing1711,L082072240,L082072242,L082,0722,42,"2357|2358"
existing1711,L082072301,L082072301,L082,0723,1,"2359|2360"
existing1711,L082072302,L082072302,L082,0723,2,"2361|2362"
existing1711,L082072303,L082072303,L082,0723,3,"2363|2364"
existing1711,L082072304,L082072304,L082,0723,4,"2365|2366"
existing1711,L082072305,L082072305,L082,0723,5,"2367|2368"
existing1711,L082072306,L082072306,L082,0723,6,"2369|2370"
existing1711,L082072307,L082072307,L082,0723,7,"2371|2372"
existing1711,L082072308,L082072308,L082,0723,8,"2373|2374"
existing1711,L082072309,L082072309,L082,0723,9,"2375|2376"
existing1711,L082072310,L082072310,L082,0723,10,"2377|2378"
existing1711,L082072311,L082072311,L082,0723,11,"2379|2380"
existing1711,L082072312,L082072312,L082,0723,12,"2381|2382"
existing1711,L082072313,L082072313,L082,0723,13,"2383|2384"
existing1711,L082072314,L082072314,L082,0723,14,"2385|2386"
new289,L082072606,L082072315,L082,0723,15,"3590|3591"
existing1711,L082072315,L082072316,L082,0723,16,"2387|2388"
existing1711,L082072316,L082072317,L082,0723,17,"2389|2390"
existing1711,L082072317,L082072318,L082,0723,18,"2391|2392"
existing1711,L082072318,L082072319,L082,0723,19,"2393|2394"
existing1711,L082072319,L082072320,L082,0723,20,"2395|2396"
existing1711,L082072320,L082072321,L082,0723,21,"2397|2398"
existing1711,L082072321,L082072322,L082,0723,22,"2399|2400"
existing1711,L082072322,L082072323,L082,0723,23,"2401|2402"
existing1711,L082072323,L082072324,L082,0723,24,"2403|2404"
existing1711,L082072324,L082072325,L082,0723,25,"2405|2406"
existing1711,L082072325,L082072326,L082,0723,26,"2407|2408"
existing1711,L082072326,L082072327,L082,0723,27,"2409|2410"
existing1711,L082072327,L082072328,L082,0723,28,"2411|2412"
existing1711,L082072401,L082072401,L082,0724,1,"2413|2414"
existing1711,L082072402,L082072402,L082,0724,2,"2415|2416"
existing1711,L082072403,L082072403,L082,0724,3,"2417|2418"
existing1711,L082072404,L082072404,L082,0724,4,"2419|2420"
existing1711,L082072405,L082072405,L082,0724,5,"2421|2422"
existing1711,L082072406,L082072406,L082,0724,6,"2423|2424"
existing1711,L082072407,L082072407,L082,0724,7,"2425|2426"
existing1711,L082072408,L082072408,L082,0724,8,"2427|2428"
existing1711,L082072409,L082072409,L082,0724,9,"2429|2430"
existing1711,L082072410,L082072410,L082,0724,10,"2431|2432"
existing1711,L082072411,L082072411,L082,0724,11,"2433|2434"
existing1711,L082072412,L082072412,L082,0724,12,"2435|2436"
existing1711,L082072413,L082072413,L082,0724,13,"2437|2438"
existing1711,L082072414,L082072414,L082,0724,14,"2439|2440"
existing1711,L082072415,L082072415,L082,0724,15,"2441|2442"
existing1711,L082072416,L082072416,L082,0724,16,"2443|2444"
existing1711,L082072417,L082072417,L082,0724,17,"2445|2446"
existing1711,L082072418,L082072418,L082,0724,18,"2447|2448"
existing1711,L082072419,L082072419,L082,0724,19,"2449|2450"
new289,L082072607,L082072420,L082,0724,20,"3592|3593"
existing1711,L082072420,L082072421,L082,0724,21,"2451|2452"
existing1711,L082072421,L082072422,L082,0724,22,"2453|2454"
existing1711,L082072422,L082072423,L082,0724,23,"2455|2456"
existing1711,L082072423,L082072424,L082,0724,24,"2457|2458"
existing1711,L082072424,L082072425,L082,0724,25,"2459|2460"
existing1711,L082072425,L082072426,L082,0724,26,"2461|2462"
existing1711,L082072426,L082072427,L082,0724,27,"2463|2464"
existing1711,L082072427,L082072428,L082,0724,28,"2465|2466"
existing1711,L082072428,L082072429,L082,0724,29,"2467|2468"
existing1711,L082072429,L082072430,L082,0724,30,"2469|2470"
existing1711,L082072430,L082072431,L082,0724,31,"2471|2472"
existing1711,L082072431,L082072432,L082,0724,32,"2473|2474"
existing1711,L082072432,L082072433,L082,0724,33,"2475|2476"
existing1711,L082072433,L082072434,L082,0724,34,"2477|2478"
existing1711,L082072434,L082072435,L082,0724,35,"2479|2480"
existing1711,L082072435,L082072436,L082,0724,36,"2481|2482"
existing1711,L082072436,L082072437,L082,0724,37,"2483|2484"
existing1711,L082072437,L082072438,L082,0724,38,"2485|2486"
existing1711,L082072601,L082072601,L082,0726,1,"3114|3115"
existing1711,L082072602,L082072602,L082,0726,2,"3116|3117"
existing1711,L083072103,L083072101,L083,0721,1,"2487|2488"
existing1711,L083072104,L083072102,L083,0721,2,"2489|2490"
new289,L083072604,L083072103,L083,0721,3,"3594|3595"
existing1711,L083072105,L083072104,L083,0721,4,"2491|2492"
existing1711,L083072106,L083072105,L083,0721,5,"2493|2494"
existing1711,L083072108,L083072106,L083,0721,6,"2495|2496"
new289,L083072605,L083072107,L083,0721,7,"3596|3597"
existing1711,L083072109,L083072108,L083,0721,8,"2497|2498"
existing1711,L083072112,L083072109,L083,0721,9,"2499|2500"
existing1711,L083072203,L083072201,L083,0722,1,"2501|2502"
existing1711,L083072204,L083072202,L083,0722,2,"2503|2504"
new289,L083072606,L083072203,L083,0722,3,"3598|3599"
existing1711,L083072205,L083072204,L083,0722,4,"2505|2506"
existing1711,L083072206,L083072205,L083,0722,5,"2507|2508"
existing1711,L083072208,L083072206,L083,0722,6,"2509|2510"
new289,L083072607,L083072207,L083,0722,7,"3600|3601"
existing1711,L083072209,L083072208,L083,0722,8,"2511|2512"
existing1711,L083072212,L083072209,L083,0722,9,"2513|2514"
existing1711,L083072303,L083072301,L083,0723,1,"2515|2516"
existing1711,L083072304,L083072302,L083,0723,2,"2517|2518"
new289,L083072608,L083072303,L083,0723,3,"3602|3603"
existing1711,L083072305,L083072304,L083,0723,4,"2519|2520"
existing1711,L083072306,L083072305,L083,0723,5,"2521|2522"
existing1711,L083072308,L083072306,L083,0723,6,"2523|2524"
new289,L083072609,L083072307,L083,0723,7,"3604|3605"
existing1711,L083072309,L083072308,L083,0723,8,"2525|2526"
existing1711,L083072312,L083072309,L083,0723,9,"2527|2528"
existing1711,L083072403,L083072401,L083,0724,1,"2529|2530"
existing1711,L083072404,L083072402,L083,0724,2,"2531|2532"
existing1711,L083072405,L083072403,L083,0724,3,"2533|2534"
existing1711,L083072406,L083072404,L083,0724,4,"2535|2536"
new289,L083072610,L083072405,L083,0724,5,"3606|3607"
existing1711,L083072408,L083072406,L083,0724,6,"2537|2538"
existing1711,L083072409,L083072407,L083,0724,7,"2539|2540"
existing1711,L083072412,L083072408,L083,0724,8,"2541|2542"
existing1711,L083072601,L083072601,L083,0726,1,"3118|3119"
existing1711,L083072602,L083072602,L083,0726,2,"3120|3121"
existing1711,L083072603,L083072603,L083,0726,3,"3122|3123"
existing1711,L085072102,L085072101,L085,0721,1,"2543"
existing1711,L085072103,L085072102,L085,0721,2,"2544"
existing1711,L085072301,L085072301,L085,0723,1,"2545"
existing1711,L085072302,L085072302,L085,0723,2,"2546"
existing1711,L085072401,L085072401,L085,0724,1,"2547"
existing1711,L085072402,L085072402,L085,0724,2,"2548"
existing1711,L086072101,L086072101,L086,0721,1,"2549|2550"
existing1711,L086072201,L086072201,L086,0722,1,"2551|2552"
existing1711,L086072301,L086072301,L086,0723,1,"2553|2554"
existing1711,L086072401,L086072401,L086,0724,1,"2555|2556"
existing1711,L087072101,L087072101,L087,0721,1,"2557|2558"
new289,L087072602,L087072102,L087,0721,2,"3608|3609"
existing1711,L087072201,L087072201,L087,0722,1,"2559|2560"
new289,L087072603,L087072202,L087,0722,2,"3610|3611"
existing1711,L087072301,L087072301,L087,0723,1,"2561|2562"
new289,L087072604,L087072302,L087,0723,2,"3612|3613"
existing1711,L087072401,L087072401,L087,0724,1,"2563|2564"
existing1711,L087072601,L087072601,L087,0726,1,"3124|3125"
new289,L088072602,L088072101,L088,0721,1,"3614|3615"
new289,L088072603,L088072201,L088,0722,1,"3616|3617"
new289,L088072604,L088072301,L088,0723,1,"3618|3619"
existing1711,L088072601,L088072601,L088,0726,1,"3126|3127"
existing1711,L089072101,L089072101,L089,0721,1,"2565"
existing1711,L089072102,L089072102,L089,0721,2,"2566"
existing1711,L089072103,L089072103,L089,0721,3,"2567"
existing1711,L089072104,L089072104,L089,0721,4,"2568"
existing1711,L089072105,L089072105,L089,0721,5,"2569"
existing1711,L089072106,L089072106,L089,0721,6,"2570"
existing1711,L089072107,L089072107,L089,0721,7,"2571"
existing1711,L089072108,L089072108,L089,0721,8,"2572"
existing1711,L089072109,L089072109,L089,0721,9,"2573"
existing1711,L089072110,L089072110,L089,0721,10,"2574"
existing1711,L089072111,L089072111,L089,0721,11,"2575"
new289,L089072602,L089072112,L089,0721,12,"3620"
existing1711,L089072112,L089072113,L089,0721,13,"2576"
existing1711,L089072113,L089072114,L089,0721,14,"2577"
existing1711,L089072114,L089072115,L089,0721,15,"2578"
existing1711,L089072115,L089072116,L089,0721,16,"2579"
existing1711,L089072116,L089072117,L089,0721,17,"2580"
existing1711,L089072117,L089072118,L089,0721,18,"2581"
existing1711,L089072118,L089072119,L089,0721,19,"2582"
existing1711,L089072119,L089072120,L089,0721,20,"2583"
existing1711,L089072120,L089072121,L089,0721,21,"2584"
existing1711,L089072121,L089072122,L089,0721,22,"2585"
existing1711,L089072201,L089072201,L089,0722,1,"2586"
existing1711,L089072202,L089072202,L089,0722,2,"2587"
existing1711,L089072203,L089072203,L089,0722,3,"2588"
existing1711,L089072204,L089072204,L089,0722,4,"2589"
existing1711,L089072205,L089072205,L089,0722,5,"2590"
existing1711,L089072206,L089072206,L089,0722,6,"2591"
existing1711,L089072207,L089072207,L089,0722,7,"2592"
existing1711,L089072208,L089072208,L089,0722,8,"2593"
existing1711,L089072209,L089072209,L089,0722,9,"2594"
existing1711,L089072210,L089072210,L089,0722,10,"2595"
existing1711,L089072211,L089072211,L089,0722,11,"2596"
new289,L089072603,L089072212,L089,0722,12,"3621"
existing1711,L089072212,L089072213,L089,0722,13,"2597"
existing1711,L089072213,L089072214,L089,0722,14,"2598"
existing1711,L089072214,L089072215,L089,0722,15,"2599"
existing1711,L089072215,L089072216,L089,0722,16,"2600"
existing1711,L089072216,L089072217,L089,0722,17,"2601"
existing1711,L089072217,L089072218,L089,0722,18,"2602"
existing1711,L089072218,L089072219,L089,0722,19,"2603"
existing1711,L089072219,L089072220,L089,0722,20,"2604"
existing1711,L089072220,L089072221,L089,0722,21,"2605"
existing1711,L089072221,L089072222,L089,0722,22,"2606"
existing1711,L089072301,L089072301,L089,0723,1,"2607"
existing1711,L089072302,L089072302,L089,0723,2,"2608"
existing1711,L089072303,L089072303,L089,0723,3,"2609"
existing1711,L089072304,L089072304,L089,0723,4,"2610"
existing1711,L089072305,L089072305,L089,0723,5,"2611"
existing1711,L089072306,L089072306,L089,0723,6,"2612"
existing1711,L089072307,L089072307,L089,0723,7,"2613"
existing1711,L089072308,L089072308,L089,0723,8,"2614"
existing1711,L089072309,L089072309,L089,0723,9,"2615"
existing1711,L089072310,L089072310,L089,0723,10,"2616"
existing1711,L089072311,L089072311,L089,0723,11,"2617"
new289,L089072604,L089072312,L089,0723,12,"3622"
existing1711,L089072312,L089072313,L089,0723,13,"2618"
existing1711,L089072313,L089072314,L089,0723,14,"2619"
existing1711,L089072314,L089072315,L089,0723,15,"2620"
existing1711,L089072315,L089072316,L089,0723,16,"2621"
existing1711,L089072316,L089072317,L089,0723,17,"2622"
existing1711,L089072317,L089072318,L089,0723,18,"2623"
existing1711,L089072318,L089072319,L089,0723,19,"2624"
existing1711,L089072319,L089072320,L089,0723,20,"2625"
existing1711,L089072320,L089072321,L089,0723,21,"2626"
existing1711,L089072321,L089072322,L089,0723,22,"2627"
existing1711,L089072401,L089072401,L089,0724,1,"2628"
existing1711,L089072402,L089072402,L089,0724,2,"2629"
existing1711,L089072403,L089072403,L089,0724,3,"2630"
existing1711,L089072404,L089072404,L089,0724,4,"2631"
existing1711,L089072405,L089072405,L089,0724,5,"2632"
existing1711,L089072406,L089072406,L089,0724,6,"2633"
existing1711,L089072407,L089072407,L089,0724,7,"2634"
existing1711,L089072408,L089072408,L089,0724,8,"2635"
existing1711,L089072409,L089072409,L089,0724,9,"2636"
existing1711,L089072410,L089072410,L089,0724,10,"2637"
existing1711,L089072411,L089072411,L089,0724,11,"2638"
existing1711,L089072412,L089072412,L089,0724,12,"2639"
existing1711,L089072413,L089072413,L089,0724,13,"2640"
existing1711,L089072414,L089072414,L089,0724,14,"2641"
existing1711,L089072415,L089072415,L089,0724,15,"2642"
existing1711,L089072416,L089072416,L089,0724,16,"2643"
existing1711,L089072417,L089072417,L089,0724,17,"2644"
existing1711,L089072418,L089072418,L089,0724,18,"2645"
existing1711,L089072419,L089072419,L089,0724,19,"2646"
existing1711,L089072420,L089072420,L089,0724,20,"2647"
existing1711,L089072421,L089072421,L089,0724,21,"2648"
existing1711,L089072601,L089072601,L089,0726,1,"3128"
existing1711,L091072101,L091072101,L091,0721,1,"2649"
existing1711,L091072102,L091072102,L091,0721,2,"2650"
existing1711,L091072103,L091072103,L091,0721,3,"2651"
existing1711,L091072104,L091072104,L091,0721,4,"2652"
existing1711,L091072105,L091072105,L091,0721,5,"2653"
existing1711,L091072106,L091072106,L091,0721,6,"2654"
existing1711,L091072107,L091072107,L091,0721,7,"2655"
existing1711,L091072108,L091072108,L091,0721,8,"2656"
new289,L091072607,L091072109,L091,0721,9,"3623"
existing1711,L091072109,L091072110,L091,0721,10,"2657"
existing1711,L091072110,L091072111,L091,0721,11,"2658"
existing1711,L091072111,L091072112,L091,0721,12,"2659"
existing1711,L091072112,L091072113,L091,0721,13,"2660"
existing1711,L091072113,L091072114,L091,0721,14,"2661"
existing1711,L091072114,L091072115,L091,0721,15,"2662"
existing1711,L091072115,L091072116,L091,0721,16,"2663"
existing1711,L091072116,L091072117,L091,0721,17,"2664"
existing1711,L091072117,L091072118,L091,0721,18,"2665"
new289,L091072608,L091072119,L091,0721,19,"3624"
existing1711,L091072118,L091072120,L091,0721,20,"2666"
existing1711,L091072119,L091072121,L091,0721,21,"2667"
existing1711,L091072120,L091072122,L091,0721,22,"2668"
existing1711,L091072121,L091072123,L091,0721,23,"2669"
existing1711,L091072122,L091072124,L091,0721,24,"2670"
existing1711,L091072123,L091072125,L091,0721,25,"2671"
existing1711,L091072124,L091072126,L091,0721,26,"2672"
existing1711,L091072125,L091072127,L091,0721,27,"2673"
new289,L091072609,L091072128,L091,0721,28,"3625"
existing1711,L091072126,L091072129,L091,0721,29,"2674"
existing1711,L091072127,L091072130,L091,0721,30,"2675"
existing1711,L091072128,L091072131,L091,0721,31,"2676"
existing1711,L091072129,L091072132,L091,0721,32,"2677"
existing1711,L091072130,L091072133,L091,0721,33,"2678"
existing1711,L091072131,L091072134,L091,0721,34,"2679"
existing1711,L091072132,L091072135,L091,0721,35,"2680"
existing1711,L091072133,L091072136,L091,0721,36,"2681"
existing1711,L091072201,L091072201,L091,0722,1,"2682"
existing1711,L091072202,L091072202,L091,0722,2,"2683"
existing1711,L091072203,L091072203,L091,0722,3,"2684"
existing1711,L091072204,L091072204,L091,0722,4,"2685"
existing1711,L091072205,L091072205,L091,0722,5,"2686"
existing1711,L091072206,L091072206,L091,0722,6,"2687"
existing1711,L091072207,L091072207,L091,0722,7,"2688"
new289,L091072610,L091072208,L091,0722,8,"3626"
existing1711,L091072208,L091072209,L091,0722,9,"2689"
existing1711,L091072209,L091072210,L091,0722,10,"2690"
existing1711,L091072210,L091072211,L091,0722,11,"2691"
existing1711,L091072211,L091072212,L091,0722,12,"2692"
existing1711,L091072212,L091072213,L091,0722,13,"2693"
existing1711,L091072213,L091072214,L091,0722,14,"2694"
existing1711,L091072214,L091072215,L091,0722,15,"2695"
new289,L091072611,L091072216,L091,0722,16,"3627"
existing1711,L091072215,L091072217,L091,0722,17,"2696"
existing1711,L091072216,L091072218,L091,0722,18,"2697"
existing1711,L091072217,L091072219,L091,0722,19,"2698"
existing1711,L091072218,L091072220,L091,0722,20,"2699"
existing1711,L091072219,L091072221,L091,0722,21,"2700"
existing1711,L091072220,L091072222,L091,0722,22,"2701"
existing1711,L091072221,L091072223,L091,0722,23,"2702"
new289,L091072612,L091072224,L091,0722,24,"3628"
existing1711,L091072222,L091072225,L091,0722,25,"2703"
existing1711,L091072223,L091072226,L091,0722,26,"2704"
existing1711,L091072224,L091072227,L091,0722,27,"2705"
existing1711,L091072225,L091072228,L091,0722,28,"2706"
existing1711,L091072226,L091072229,L091,0722,29,"2707"
existing1711,L091072227,L091072230,L091,0722,30,"2708"
existing1711,L091072228,L091072231,L091,0722,31,"2709"
new289,L091072613,L091072232,L091,0722,32,"3629"
existing1711,L091072229,L091072233,L091,0722,33,"2710"
existing1711,L091072230,L091072234,L091,0722,34,"2711"
existing1711,L091072231,L091072235,L091,0722,35,"2712"
existing1711,L091072232,L091072236,L091,0722,36,"2713"
existing1711,L091072233,L091072237,L091,0722,37,"2714"
existing1711,L091072234,L091072238,L091,0722,38,"2715"
existing1711,L091072235,L091072239,L091,0722,39,"2716"
existing1711,L091072301,L091072301,L091,0723,1,"2717"
existing1711,L091072302,L091072302,L091,0723,2,"2718"
existing1711,L091072303,L091072303,L091,0723,3,"2719"
existing1711,L091072304,L091072304,L091,0723,4,"2720"
existing1711,L091072305,L091072305,L091,0723,5,"2721"
existing1711,L091072306,L091072306,L091,0723,6,"2722"
existing1711,L091072307,L091072307,L091,0723,7,"2723"
existing1711,L091072308,L091072308,L091,0723,8,"2724"
new289,L091072614,L091072309,L091,0723,9,"3630"
existing1711,L091072309,L091072310,L091,0723,10,"2725"
existing1711,L091072310,L091072311,L091,0723,11,"2726"
existing1711,L091072311,L091072312,L091,0723,12,"2727"
existing1711,L091072312,L091072313,L091,0723,13,"2728"
existing1711,L091072313,L091072314,L091,0723,14,"2729"
existing1711,L091072314,L091072315,L091,0723,15,"2730"
existing1711,L091072315,L091072316,L091,0723,16,"2731"
existing1711,L091072316,L091072317,L091,0723,17,"2732"
new289,L091072615,L091072318,L091,0723,18,"3631"
existing1711,L091072317,L091072319,L091,0723,19,"2733"
existing1711,L091072318,L091072320,L091,0723,20,"2734"
existing1711,L091072319,L091072321,L091,0723,21,"2735"
existing1711,L091072320,L091072322,L091,0723,22,"2736"
existing1711,L091072321,L091072323,L091,0723,23,"2737"
existing1711,L091072322,L091072324,L091,0723,24,"2738"
existing1711,L091072323,L091072325,L091,0723,25,"2739"
existing1711,L091072324,L091072326,L091,0723,26,"2740"
existing1711,L091072401,L091072401,L091,0724,1,"2741"
existing1711,L091072402,L091072402,L091,0724,2,"2742"
existing1711,L091072403,L091072403,L091,0724,3,"2743"
existing1711,L091072404,L091072404,L091,0724,4,"2744"
existing1711,L091072405,L091072405,L091,0724,5,"2745"
existing1711,L091072406,L091072406,L091,0724,6,"2746"
existing1711,L091072407,L091072407,L091,0724,7,"2747"
existing1711,L091072408,L091072408,L091,0724,8,"2748"
new289,L091072616,L091072409,L091,0724,9,"3632"
existing1711,L091072409,L091072410,L091,0724,10,"2749"
existing1711,L091072410,L091072411,L091,0724,11,"2750"
existing1711,L091072411,L091072412,L091,0724,12,"2751"
existing1711,L091072412,L091072413,L091,0724,13,"2752"
existing1711,L091072413,L091072414,L091,0724,14,"2753"
existing1711,L091072414,L091072415,L091,0724,15,"2754"
existing1711,L091072415,L091072416,L091,0724,16,"2755"
existing1711,L091072416,L091072417,L091,0724,17,"2756"
existing1711,L091072417,L091072418,L091,0724,18,"2757"
new289,L091072617,L091072419,L091,0724,19,"3633"
existing1711,L091072418,L091072420,L091,0724,20,"2758"
existing1711,L091072419,L091072421,L091,0724,21,"2759"
existing1711,L091072420,L091072422,L091,0724,22,"2760"
existing1711,L091072421,L091072423,L091,0724,23,"2761"
existing1711,L091072422,L091072424,L091,0724,24,"2762"
existing1711,L091072423,L091072425,L091,0724,25,"2763"
existing1711,L091072424,L091072426,L091,0724,26,"2764"
existing1711,L091072425,L091072427,L091,0724,27,"2765"
new289,L091072618,L091072428,L091,0724,28,"3634"
existing1711,L091072426,L091072429,L091,0724,29,"2766"
existing1711,L091072427,L091072430,L091,0724,30,"2767"
existing1711,L091072428,L091072431,L091,0724,31,"2768"
existing1711,L091072429,L091072432,L091,0724,32,"2769"
existing1711,L091072430,L091072433,L091,0724,33,"2770"
existing1711,L091072431,L091072434,L091,0724,34,"2771"
existing1711,L091072432,L091072435,L091,0724,35,"2772"
existing1711,L091072433,L091072436,L091,0724,36,"2773"
existing1711,L091072601,L091072601,L091,0726,1,"3129"
existing1711,L091072602,L091072602,L091,0726,2,"3130"
existing1711,L091072603,L091072603,L091,0726,3,"3131"
existing1711,L091072604,L091072604,L091,0726,4,"3132"
existing1711,L091072605,L091072605,L091,0726,5,"3133"
existing1711,L091072606,L091072606,L091,0726,6,"3134"
existing1711,L092072101,L092072101,L092,0721,1,"2774"
existing1711,L092072102,L092072102,L092,0721,2,"2775"
new289,L092072603,L092072103,L092,0721,3,"3635"
existing1711,L092072103,L092072104,L092,0721,4,"2776"
existing1711,L092072201,L092072201,L092,0722,1,"2777"
existing1711,L092072202,L092072202,L092,0722,2,"2778"
new289,L092072604,L092072203,L092,0722,3,"3636"
existing1711,L092072203,L092072204,L092,0722,4,"2779"
existing1711,L092072301,L092072301,L092,0723,1,"2780"
existing1711,L092072302,L092072302,L092,0723,2,"2781"
new289,L092072605,L092072303,L092,0723,3,"3637"
existing1711,L092072303,L092072304,L092,0723,4,"2782"
new289,L092072606,L092072305,L092,0723,5,"3638"
existing1711,L092072304,L092072306,L092,0723,6,"2783"
existing1711,L092072305,L092072307,L092,0723,7,"2784"
existing1711,L092072401,L092072401,L092,0724,1,"2785"
existing1711,L092072402,L092072402,L092,0724,2,"2786"
new289,L092072607,L092072403,L092,0724,3,"3639"
existing1711,L092072403,L092072404,L092,0724,4,"2787"
existing1711,L092072601,L092072601,L092,0726,1,"3135"
existing1711,L092072602,L092072602,L092,0726,2,"3136"
existing1711,L095072104,L095072101,L095,0721,1,"2788|2789"
existing1711,L095072105,L095072102,L095,0721,2,"2790|2791"
new289,L095072614,L095072103,L095,0721,3,"3640|3641"
existing1711,L095072106,L095072104,L095,0721,4,"2792|2793"
new289,L095072615,L095072105,L095,0721,5,"3642|3643"
existing1711,L095072108,L095072106,L095,0721,6,"2794|2795"
existing1711,L095072109,L095072107,L095,0721,7,"2796|2797"
new289,L095072616,L095072108,L095,0721,8,"3644|3645"
existing1711,L095072112,L095072109,L095,0721,9,"2798|2799"
existing1711,L095072114,L095072110,L095,0721,10,"2800|2801"
new289,L095072617,L095072111,L095,0721,11,"3646|3647"
existing1711,L095072116,L095072112,L095,0721,12,"2802|2803"
existing1711,L095072117,L095072113,L095,0721,13,"2804|2805"
new289,L095072618,L095072114,L095,0721,14,"3648|3649"
existing1711,L095072118,L095072115,L095,0721,15,"2806|2807"
new289,L095072619,L095072116,L095,0721,16,"3650|3651"
existing1711,L095072119,L095072117,L095,0721,17,"2808|2809"
existing1711,L095072120,L095072118,L095,0721,18,"2810|2811"
existing1711,L095072204,L095072201,L095,0722,1,"2812|2813"
existing1711,L095072205,L095072202,L095,0722,2,"2814|2815"
new289,L095072620,L095072203,L095,0722,3,"3652|3653"
existing1711,L095072206,L095072204,L095,0722,4,"2816|2817"
new289,L095072621,L095072205,L095,0722,5,"3654|3655"
existing1711,L095072208,L095072206,L095,0722,6,"2818|2819"
existing1711,L095072209,L095072207,L095,0722,7,"2820|2821"
new289,L095072622,L095072208,L095,0722,8,"3656|3657"
existing1711,L095072212,L095072209,L095,0722,9,"2822|2823"
existing1711,L095072214,L095072210,L095,0722,10,"2824|2825"
new289,L095072623,L095072211,L095,0722,11,"3658|3659"
existing1711,L095072216,L095072212,L095,0722,12,"2826|2827"
existing1711,L095072217,L095072213,L095,0722,13,"2828|2829"
new289,L095072624,L095072214,L095,0722,14,"3660|3661"
existing1711,L095072218,L095072215,L095,0722,15,"2830|2831"
new289,L095072625,L095072216,L095,0722,16,"3662|3663"
existing1711,L095072219,L095072217,L095,0722,17,"2832|2833"
existing1711,L095072220,L095072218,L095,0722,18,"2834|2835"
existing1711,L095072301,L095072301,L095,0723,1,"2836|2837"
existing1711,L095072302,L095072302,L095,0723,2,"2838|2839"
new289,L095072626,L095072303,L095,0723,3,"3664|3665"
existing1711,L095072303,L095072304,L095,0723,4,"2840|2841"
existing1711,L095072304,L095072305,L095,0723,5,"2842|2843"
new289,L095072627,L095072306,L095,0723,6,"3666|3667"
existing1711,L095072305,L095072307,L095,0723,7,"2844|2845"
existing1711,L095072306,L095072308,L095,0723,8,"2846|2847"
new289,L095072628,L095072309,L095,0723,9,"3668|3669"
existing1711,L095072307,L095072310,L095,0723,10,"2848|2849"
existing1711,L095072308,L095072311,L095,0723,11,"2850|2851"
new289,L095072629,L095072312,L095,0723,12,"3670|3671"
existing1711,L095072309,L095072313,L095,0723,13,"2852|2853"
new289,L095072630,L095072314,L095,0723,14,"3672|3673"
existing1711,L095072310,L095072315,L095,0723,15,"2854|2855"
existing1711,L095072311,L095072316,L095,0723,16,"2856|2857"
new289,L095072631,L095072317,L095,0723,17,"3674|3675"
existing1711,L095072312,L095072318,L095,0723,18,"2858|2859"
existing1711,L095072313,L095072319,L095,0723,19,"2860|2861"
new289,L095072632,L095072320,L095,0723,20,"3676|3677"
existing1711,L095072314,L095072321,L095,0723,21,"2862|2863"
existing1711,L095072315,L095072322,L095,0723,22,"2864|2865"
new289,L095072633,L095072323,L095,0723,23,"3678|3679"
existing1711,L095072316,L095072324,L095,0723,24,"2866|2867"
existing1711,L095072317,L095072325,L095,0723,25,"2868|2869"
existing1711,L095072401,L095072401,L095,0724,1,"2870|2871"
existing1711,L095072404,L095072402,L095,0724,2,"2872|2873"
new289,L095072634,L095072403,L095,0724,3,"3680|3681"
existing1711,L095072405,L095072404,L095,0724,4,"2874|2875"
new289,L095072635,L095072405,L095,0724,5,"3682|3683"
existing1711,L095072406,L095072406,L095,0724,6,"2876|2877"
existing1711,L095072408,L095072407,L095,0724,7,"2878|2879"
new289,L095072636,L095072408,L095,0724,8,"3684|3685"
existing1711,L095072409,L095072409,L095,0724,9,"2880|2881"
existing1711,L095072411,L095072410,L095,0724,10,"2882|2883"
new289,L095072637,L095072411,L095,0724,11,"3686|3687"
existing1711,L095072412,L095072412,L095,0724,12,"2884|2885"
existing1711,L095072413,L095072413,L095,0724,13,"2886|2887"
new289,L095072638,L095072414,L095,0724,14,"3688|3689"
existing1711,L095072414,L095072415,L095,0724,15,"2888|2889"
new289,L095072639,L095072416,L095,0724,16,"3690|3691"
existing1711,L095072416,L095072417,L095,0724,17,"2890|2891"
existing1711,L095072417,L095072418,L095,0724,18,"2892|2893"
existing1711,L095072601,L095072601,L095,0726,1,"3137|3138"
existing1711,L095072602,L095072602,L095,0726,2,"3139|3140"
existing1711,L095072603,L095072603,L095,0726,3,"3141|3142"
existing1711,L095072604,L095072604,L095,0726,4,"3143|3144"
existing1711,L095072605,L095072605,L095,0726,5,"3145|3146"
existing1711,L095072606,L095072606,L095,0726,6,"3147|3148"
existing1711,L095072607,L095072607,L095,0726,7,"3149|3150"
existing1711,L095072608,L095072608,L095,0726,8,"3151|3152"
existing1711,L095072609,L095072609,L095,0726,9,"3153|3154"
existing1711,L095072610,L095072610,L095,0726,10,"3155|3156"
existing1711,L095072611,L095072611,L095,0726,11,"3157|3158"
existing1711,L095072612,L095072612,L095,0726,12,"3159|3160"
existing1711,L095072613,L095072613,L095,0726,13,"3161|3162"
existing1711,L096072101,L096072101,L096,0721,1,"2894"
existing1711,L096072102,L096072102,L096,0721,2,"2895"
existing1711,L096072201,L096072201,L096,0722,1,"2896"
existing1711,L096072202,L096072202,L096,0722,2,"2897"
existing1711,L096072301,L096072301,L096,0723,1,"2898"
existing1711,L096072302,L096072302,L096,0723,2,"2899"
existing1711,L096072401,L096072401,L096,0724,1,"2900"
existing1711,L096072402,L096072402,L096,0724,2,"2901"
